DATAFLOW,LAST UPDATE,freq,citizen,agedef,age,unit,sex,geo,TIME_PERIOD,OBS_VALUE,OBS_FLAG,CONF_STATUS
ESTAT:MIGR_IMM1CTZ(1.0),30/03/26 23:00:00,A,TOTAL,COMPLET,TOTAL,NR,T,AT,1998-01-01,72723.0,,
ESTAT:MIGR_IMM1CTZ(1.0),30/03/26 23:00:00,A,TOTAL,COMPLET,TOTAL,NR,T,BE,1998-01-01,83812.0,,
ESTAT:MIGR_IMM1CTZ(1.0),30/03/26 23:00:00,A,TOTAL,COMPLET,TOTAL,NR,T,CH,1998-01-01,95955.0,,
ESTAT:MIGR_IMM1CTZ(1.0),30/03/26 23:00:00,A,TOTAL,COMPLET,TOTAL,NR,T,CY,1998-01-01,8801.0,,
ESTAT:MIGR_IMM1CTZ(1.0),30/03/26 23:00:00,A,TOTAL,COMPLET,TOTAL,NR,T,DE,1998-01-01,802456.0,,
ESTAT:MIGR_IMM1CTZ(1.0),30/03/26 23:00:00,A,TOTAL,COMPLET,TOTAL,NR,T,DK,1998-01-01,51372.0,,
ESTAT:MIGR_IMM1CTZ(1.0),30/03/26 23:00:00,A,TOTAL,COMPLET,TOTAL,NR,T,EL,1998-01-01,116411.0,,
ESTAT:MIGR_IMM1CTZ(1.0),30/03/26 23:00:00,A,TOTAL,COMPLET,TOTAL,NR,T,ES,1998-01-01,81227.0,,
ESTAT:MIGR_IMM1CTZ(1.0),30/03/26 23:00:00,A,TOTAL,COMPLET,TOTAL,NR,T,FI,1998-01-01,14192.0,,
ESTAT:MIGR_IMM1CTZ(1.0),30/03/26 23:00:00,A,TOTAL,COMPLET,TOTAL,NR,T,HR,1998-01-01,51784.0,,
ESTAT:MIGR_IMM1CTZ(1.0),30/03/26 23:00:00,A,TOTAL,COMPLET,TOTAL,NR,T,HU,1998-01-01,17269.0,,
ESTAT:MIGR_IMM1CTZ(1.0),30/03/26 23:00:00,A,TOTAL,COMPLET,TOTAL,NR,T,IE,1998-01-01,48175.0,,
ESTAT:MIGR_IMM1CTZ(1.0),30/03/26 23:00:00,A,TOTAL,COMPLET,TOTAL,NR,T,IS,1998-01-01,4562.0,,
ESTAT:MIGR_IMM1CTZ(1.0),30/03/26 23:00:00,A,TOTAL,COMPLET,TOTAL,NR,T,IT,1998-01-01,156885.0,,
ESTAT:MIGR_IMM1CTZ(1.0),30/03/26 23:00:00,A,TOTAL,COMPLET,TOTAL,NR,T,LT,1998-01-01,2706.0,,
ESTAT:MIGR_IMM1CTZ(1.0),30/03/26 23:00:00,A,TOTAL,COMPLET,TOTAL,NR,T,LU,1998-01-01,11630.0,,
ESTAT:MIGR_IMM1CTZ(1.0),30/03/26 23:00:00,A,TOTAL,COMPLET,TOTAL,NR,T,LV,1998-01-01,3123.0,,
ESTAT:MIGR_IMM1CTZ(1.0),30/03/26 23:00:00,A,TOTAL,COMPLET,TOTAL,NR,T,NL,1998-01-01,122407.0,,
ESTAT:MIGR_IMM1CTZ(1.0),30/03/26 23:00:00,A,TOTAL,COMPLET,TOTAL,NR,T,NO,1998-01-01,36704.0,,
ESTAT:MIGR_IMM1CTZ(1.0),30/03/26 23:00:00,A,TOTAL,COMPLET,TOTAL,NR,T,PL,1998-01-01,8916.0,,
ESTAT:MIGR_IMM1CTZ(1.0),30/03/26 23:00:00,A,TOTAL,COMPLET,TOTAL,NR,T,PT,1998-01-01,56788.0,,
ESTAT:MIGR_IMM1CTZ(1.0),30/03/26 23:00:00,A,TOTAL,COMPLET,TOTAL,NR,T,SE,1998-01-01,49391.0,,
ESTAT:MIGR_IMM1CTZ(1.0),30/03/26 23:00:00,A,TOTAL,COMPLET,TOTAL,NR,T,SI,1998-01-01,4603.0,,
ESTAT:MIGR_IMM1CTZ(1.0),30/03/26 23:00:00,A,TOTAL,COMPLET,TOTAL,NR,T,SK,1998-01-01,2052.0,,
ESTAT:MIGR_IMM1CTZ(1.0),30/03/26 23:00:00,A,TOTAL,COMPLET,TOTAL,NR,T,UK,1998-01-01,332390.0,,
ESTAT:MIGR_IMM1CTZ(1.0),30/03/26 23:00:00,A,TOTAL,COMPLET,TOTAL,NR,T,AT,1999-01-01,86710.0,,
ESTAT:MIGR_IMM1CTZ(1.0),30/03/26 23:00:00,A,TOTAL,COMPLET,TOTAL,NR,T,BE,1999-01-01,91624.0,,
ESTAT:MIGR_IMM1CTZ(1.0),30/03/26 23:00:00,A,TOTAL,COMPLET,TOTAL,NR,T,CH,1999-01-01,107953.0,,
ESTAT:MIGR_IMM1CTZ(1.0),30/03/26 23:00:00,A,TOTAL,COMPLET,TOTAL,NR,T,CY,1999-01-01,8524.0,,
ESTAT:MIGR_IMM1CTZ(1.0),30/03/26 23:00:00,A,TOTAL,COMPLET,TOTAL,NR,T,DE,1999-01-01,874023.0,,
ESTAT:MIGR_IMM1CTZ(1.0),30/03/26 23:00:00,A,TOTAL,COMPLET,TOTAL,NR,T,DK,1999-01-01,50236.0,,
ESTAT:MIGR_IMM1CTZ(1.0),30/03/26 23:00:00,A,TOTAL,COMPLET,TOTAL,NR,T,EL,1999-01-01,84695.0,,
ESTAT:MIGR_IMM1CTZ(1.0),30/03/26 23:00:00,A,TOTAL,COMPLET,TOTAL,NR,T,ES,1999-01-01,127365.0,,
ESTAT:MIGR_IMM1CTZ(1.0),30/03/26 23:00:00,A,TOTAL,COMPLET,TOTAL,NR,T,FI,1999-01-01,14744.0,,
ESTAT:MIGR_IMM1CTZ(1.0),30/03/26 23:00:00,A,TOTAL,COMPLET,TOTAL,NR,T,HR,1999-01-01,32910.0,,
ESTAT:MIGR_IMM1CTZ(1.0),30/03/26 23:00:00,A,TOTAL,COMPLET,TOTAL,NR,T,HU,1999-01-01,21422.0,,
ESTAT:MIGR_IMM1CTZ(1.0),30/03/26 23:00:00,A,TOTAL,COMPLET,TOTAL,NR,T,IE,1999-01-01,51675.0,,
ESTAT:MIGR_IMM1CTZ(1.0),30/03/26 23:00:00,A,TOTAL,COMPLET,TOTAL,NR,T,IS,1999-01-01,4785.0,,
ESTAT:MIGR_IMM1CTZ(1.0),30/03/26 23:00:00,A,TOTAL,COMPLET,TOTAL,NR,T,IT,1999-01-01,185052.0,,
ESTAT:MIGR_IMM1CTZ(1.0),30/03/26 23:00:00,A,TOTAL,COMPLET,TOTAL,NR,T,LT,1999-01-01,2679.0,,
ESTAT:MIGR_IMM1CTZ(1.0),30/03/26 23:00:00,A,TOTAL,COMPLET,TOTAL,NR,T,LU,1999-01-01,12794.0,,
ESTAT:MIGR_IMM1CTZ(1.0),30/03/26 23:00:00,A,TOTAL,COMPLET,TOTAL,NR,T,LV,1999-01-01,1813.0,,
ESTAT:MIGR_IMM1CTZ(1.0),30/03/26 23:00:00,A,TOTAL,COMPLET,TOTAL,NR,T,NL,1999-01-01,119151.0,,
ESTAT:MIGR_IMM1CTZ(1.0),30/03/26 23:00:00,A,TOTAL,COMPLET,TOTAL,NR,T,NO,1999-01-01,41841.0,,
ESTAT:MIGR_IMM1CTZ(1.0),30/03/26 23:00:00,A,TOTAL,COMPLET,TOTAL,NR,T,PL,1999-01-01,7525.0,,
ESTAT:MIGR_IMM1CTZ(1.0),30/03/26 23:00:00,A,TOTAL,COMPLET,TOTAL,NR,T,PT,1999-01-01,68297.0,,
ESTAT:MIGR_IMM1CTZ(1.0),30/03/26 23:00:00,A,TOTAL,COMPLET,TOTAL,NR,T,SE,1999-01-01,49839.0,,
ESTAT:MIGR_IMM1CTZ(1.0),30/03/26 23:00:00,A,TOTAL,COMPLET,TOTAL,NR,T,SI,1999-01-01,4941.0,,
ESTAT:MIGR_IMM1CTZ(1.0),30/03/26 23:00:00,A,TOTAL,COMPLET,TOTAL,NR,T,SK,1999-01-01,2072.0,,
ESTAT:MIGR_IMM1CTZ(1.0),30/03/26 23:00:00,A,TOTAL,COMPLET,TOTAL,NR,T,UK,1999-01-01,354077.0,,
ESTAT:MIGR_IMM1CTZ(1.0),30/03/26 23:00:00,A,TOTAL,COMPLET,TOTAL,NR,T,AT,2000-01-01,81676.0,,
ESTAT:MIGR_IMM1CTZ(1.0),30/03/26 23:00:00,A,TOTAL,COMPLET,TOTAL,NR,T,BE,2000-01-01,89388.0,,
ESTAT:MIGR_IMM1CTZ(1.0),30/03/26 23:00:00,A,TOTAL,COMPLET,TOTAL,NR,T,CH,2000-01-01,110302.0,,
ESTAT:MIGR_IMM1CTZ(1.0),30/03/26 23:00:00,A,TOTAL,COMPLET,TOTAL,NR,T,CY,2000-01-01,12764.0,,
ESTAT:MIGR_IMM1CTZ(1.0),30/03/26 23:00:00,A,TOTAL,COMPLET,TOTAL,NR,T,DE,2000-01-01,841158.0,,
ESTAT:MIGR_IMM1CTZ(1.0),30/03/26 23:00:00,A,TOTAL,COMPLET,TOTAL,NR,T,DK,2000-01-01,52915.0,,
ESTAT:MIGR_IMM1CTZ(1.0),30/03/26 23:00:00,A,TOTAL,COMPLET,TOTAL,NR,T,EE,2000-01-01,35.0,,
ESTAT:MIGR_IMM1CTZ(1.0),30/03/26 23:00:00,A,TOTAL,COMPLET,TOTAL,NR,T,EL,2000-01-01,109251.0,,
ESTAT:MIGR_IMM1CTZ(1.0),30/03/26 23:00:00,A,TOTAL,COMPLET,TOTAL,NR,T,ES,2000-01-01,362468.0,,
ESTAT:MIGR_IMM1CTZ(1.0),30/03/26 23:00:00,A,TOTAL,COMPLET,TOTAL,NR,T,FI,2000-01-01,16895.0,,
ESTAT:MIGR_IMM1CTZ(1.0),30/03/26 23:00:00,A,TOTAL,COMPLET,TOTAL,NR,T,HU,2000-01-01,21726.0,,
ESTAT:MIGR_IMM1CTZ(1.0),30/03/26 23:00:00,A,TOTAL,COMPLET,TOTAL,NR,T,IE,2000-01-01,57400.0,,
ESTAT:MIGR_IMM1CTZ(1.0),30/03/26 23:00:00,A,TOTAL,COMPLET,TOTAL,NR,T,IS,2000-01-01,5203.0,,
ESTAT:MIGR_IMM1CTZ(1.0),30/03/26 23:00:00,A,TOTAL,COMPLET,TOTAL,NR,T,IT,2000-01-01,226968.0,,
ESTAT:MIGR_IMM1CTZ(1.0),30/03/26 23:00:00,A,TOTAL,COMPLET,TOTAL,NR,T,LT,2000-01-01,1510.0,,
ESTAT:MIGR_IMM1CTZ(1.0),30/03/26 23:00:00,A,TOTAL,COMPLET,TOTAL,NR,T,LU,2000-01-01,11765.0,,
ESTAT:MIGR_IMM1CTZ(1.0),30/03/26 23:00:00,A,TOTAL,COMPLET,TOTAL,NR,T,LV,2000-01-01,6483.0,,
ESTAT:MIGR_IMM1CTZ(1.0),30/03/26 23:00:00,A,TOTAL,COMPLET,TOTAL,NR,T,NL,2000-01-01,132850.0,,
ESTAT:MIGR_IMM1CTZ(1.0),30/03/26 23:00:00,A,TOTAL,COMPLET,TOTAL,NR,T,NO,2000-01-01,36542.0,,
ESTAT:MIGR_IMM1CTZ(1.0),30/03/26 23:00:00,A,TOTAL,COMPLET,TOTAL,NR,T,PL,2000-01-01,7331.0,,
ESTAT:MIGR_IMM1CTZ(1.0),30/03/26 23:00:00,A,TOTAL,COMPLET,TOTAL,NR,T,PT,2000-01-01,77775.0,,
ESTAT:MIGR_IMM1CTZ(1.0),30/03/26 23:00:00,A,TOTAL,COMPLET,TOTAL,NR,T,SE,2000-01-01,58659.0,,
ESTAT:MIGR_IMM1CTZ(1.0),30/03/26 23:00:00,A,TOTAL,COMPLET,TOTAL,NR,T,SI,2000-01-01,6185.0,,
ESTAT:MIGR_IMM1CTZ(1.0),30/03/26 23:00:00,A,TOTAL,COMPLET,TOTAL,NR,T,SK,2000-01-01,2274.0,,
ESTAT:MIGR_IMM1CTZ(1.0),30/03/26 23:00:00,A,TOTAL,COMPLET,TOTAL,NR,T,UK,2000-01-01,364367.0,,
ESTAT:MIGR_IMM1CTZ(1.0),30/03/26 23:00:00,A,TOTAL,COMPLET,TOTAL,NR,T,AT,2001-01-01,89928.0,,
ESTAT:MIGR_IMM1CTZ(1.0),30/03/26 23:00:00,A,TOTAL,COMPLET,TOTAL,NR,T,BE,2001-01-01,110410.0,,
ESTAT:MIGR_IMM1CTZ(1.0),30/03/26 23:00:00,A,TOTAL,COMPLET,TOTAL,NR,T,CH,2001-01-01,124077.0,,
ESTAT:MIGR_IMM1CTZ(1.0),30/03/26 23:00:00,A,TOTAL,COMPLET,TOTAL,NR,T,CY,2001-01-01,17485.0,,
ESTAT:MIGR_IMM1CTZ(1.0),30/03/26 23:00:00,A,TOTAL,COMPLET,TOTAL,NR,T,CZ,2001-01-01,12918.0,,
ESTAT:MIGR_IMM1CTZ(1.0),30/03/26 23:00:00,A,TOTAL,COMPLET,TOTAL,NR,T,DE,2001-01-01,879217.0,,
ESTAT:MIGR_IMM1CTZ(1.0),30/03/26 23:00:00,A,TOTAL,COMPLET,TOTAL,NR,T,DK,2001-01-01,55984.0,,
ESTAT:MIGR_IMM1CTZ(1.0),30/03/26 23:00:00,A,TOTAL,COMPLET,TOTAL,NR,T,EE,2001-01-01,241.0,,
ESTAT:MIGR_IMM1CTZ(1.0),30/03/26 23:00:00,A,TOTAL,COMPLET,TOTAL,NR,T,EL,2001-01-01,98471.0,,
ESTAT:MIGR_IMM1CTZ(1.0),30/03/26 23:00:00,A,TOTAL,COMPLET,TOTAL,NR,T,ES,2001-01-01,414772.0,,
ESTAT:MIGR_IMM1CTZ(1.0),30/03/26 23:00:00,A,TOTAL,COMPLET,TOTAL,NR,T,FI,2001-01-01,18955.0,,
ESTAT:MIGR_IMM1CTZ(1.0),30/03/26 23:00:00,A,TOTAL,COMPLET,TOTAL,NR,T,HR,2001-01-01,24415.0,,
ESTAT:MIGR_IMM1CTZ(1.0),30/03/26 23:00:00,A,TOTAL,COMPLET,TOTAL,NR,T,HU,2001-01-01,22079.0,,
ESTAT:MIGR_IMM1CTZ(1.0),30/03/26 23:00:00,A,TOTAL,COMPLET,TOTAL,NR,T,IE,2001-01-01,64925.0,,
ESTAT:MIGR_IMM1CTZ(1.0),30/03/26 23:00:00,A,TOTAL,COMPLET,TOTAL,NR,T,IS,2001-01-01,5002.0,,
ESTAT:MIGR_IMM1CTZ(1.0),30/03/26 23:00:00,A,TOTAL,COMPLET,TOTAL,NR,T,IT,2001-01-01,208252.0,,
ESTAT:MIGR_IMM1CTZ(1.0),30/03/26 23:00:00,A,TOTAL,COMPLET,TOTAL,NR,T,LT,2001-01-01,4694.0,,
ESTAT:MIGR_IMM1CTZ(1.0),30/03/26 23:00:00,A,TOTAL,COMPLET,TOTAL,NR,T,LU,2001-01-01,12135.0,,
ESTAT:MIGR_IMM1CTZ(1.0),30/03/26 23:00:00,A,TOTAL,COMPLET,TOTAL,NR,T,LV,2001-01-01,5376.0,,
ESTAT:MIGR_IMM1CTZ(1.0),30/03/26 23:00:00,A,TOTAL,COMPLET,TOTAL,NR,T,NL,2001-01-01,133404.0,,
ESTAT:MIGR_IMM1CTZ(1.0),30/03/26 23:00:00,A,TOTAL,COMPLET,TOTAL,NR,T,NO,2001-01-01,34264.0,,
ESTAT:MIGR_IMM1CTZ(1.0),30/03/26 23:00:00,A,TOTAL,COMPLET,TOTAL,NR,T,PL,2001-01-01,6625.0,,
ESTAT:MIGR_IMM1CTZ(1.0),30/03/26 23:00:00,A,TOTAL,COMPLET,TOTAL,NR,T,PT,2001-01-01,61609.0,,
ESTAT:MIGR_IMM1CTZ(1.0),30/03/26 23:00:00,A,TOTAL,COMPLET,TOTAL,NR,T,SE,2001-01-01,60795.0,,
ESTAT:MIGR_IMM1CTZ(1.0),30/03/26 23:00:00,A,TOTAL,COMPLET,TOTAL,NR,T,SI,2001-01-01,7803.0,,
ESTAT:MIGR_IMM1CTZ(1.0),30/03/26 23:00:00,A,TOTAL,COMPLET,TOTAL,NR,T,SK,2001-01-01,2023.0,,
ESTAT:MIGR_IMM1CTZ(1.0),30/03/26 23:00:00,A,TOTAL,COMPLET,TOTAL,NR,T,UK,2001-01-01,372206.0,,
ESTAT:MIGR_IMM1CTZ(1.0),30/03/26 23:00:00,A,TOTAL,COMPLET,TOTAL,NR,T,AT,2002-01-01,108125.0,b,
ESTAT:MIGR_IMM1CTZ(1.0),30/03/26 23:00:00,A,TOTAL,COMPLET,TOTAL,NR,T,BE,2002-01-01,113857.0,,
ESTAT:MIGR_IMM1CTZ(1.0),30/03/26 23:00:00,A,TOTAL,COMPLET,TOTAL,NR,T,CH,2002-01-01,127340.0,,
ESTAT:MIGR_IMM1CTZ(1.0),30/03/26 23:00:00,A,TOTAL,COMPLET,TOTAL,NR,T,CY,2002-01-01,6940.0,,
ESTAT:MIGR_IMM1CTZ(1.0),30/03/26 23:00:00,A,TOTAL,COMPLET,TOTAL,NR,T,CZ,2002-01-01,44679.0,,
ESTAT:MIGR_IMM1CTZ(1.0),30/03/26 23:00:00,A,TOTAL,COMPLET,TOTAL,NR,T,DE,2002-01-01,842543.0,,
ESTAT:MIGR_IMM1CTZ(1.0),30/03/26 23:00:00,A,TOTAL,COMPLET,TOTAL,NR,T,DK,2002-01-01,52778.0,,
ESTAT:MIGR_IMM1CTZ(1.0),30/03/26 23:00:00,A,TOTAL,COMPLET,TOTAL,NR,T,EE,2002-01-01,575.0,,
ESTAT:MIGR_IMM1CTZ(1.0),30/03/26 23:00:00,A,TOTAL,COMPLET,TOTAL,NR,T,EL,2002-01-01,67220.0,,
ESTAT:MIGR_IMM1CTZ(1.0),30/03/26 23:00:00,A,TOTAL,COMPLET,TOTAL,NR,T,ES,2002-01-01,483260.0,,
ESTAT:MIGR_IMM1CTZ(1.0),30/03/26 23:00:00,A,TOTAL,COMPLET,TOTAL,NR,T,FI,2002-01-01,18113.0,,
ESTAT:MIGR_IMM1CTZ(1.0),30/03/26 23:00:00,A,TOTAL,COMPLET,TOTAL,NR,T,HR,2002-01-01,20365.0,,
ESTAT:MIGR_IMM1CTZ(1.0),30/03/26 23:00:00,A,TOTAL,COMPLET,TOTAL,NR,T,HU,2002-01-01,19855.0,,
ESTAT:MIGR_IMM1CTZ(1.0),30/03/26 23:00:00,A,TOTAL,COMPLET,TOTAL,NR,T,IE,2002-01-01,61725.0,,
ESTAT:MIGR_IMM1CTZ(1.0),30/03/26 23:00:00,A,TOTAL,COMPLET,TOTAL,NR,T,IS,2002-01-01,4215.0,,
ESTAT:MIGR_IMM1CTZ(1.0),30/03/26 23:00:00,A,TOTAL,COMPLET,TOTAL,NR,T,IT,2002-01-01,213202.0,,
ESTAT:MIGR_IMM1CTZ(1.0),30/03/26 23:00:00,A,TOTAL,COMPLET,TOTAL,NR,T,LT,2002-01-01,5110.0,,
ESTAT:MIGR_IMM1CTZ(1.0),30/03/26 23:00:00,A,TOTAL,COMPLET,TOTAL,NR,T,LU,2002-01-01,12101.0,,
ESTAT:MIGR_IMM1CTZ(1.0),30/03/26 23:00:00,A,TOTAL,COMPLET,TOTAL,NR,T,LV,2002-01-01,6642.0,,
ESTAT:MIGR_IMM1CTZ(1.0),30/03/26 23:00:00,A,TOTAL,COMPLET,TOTAL,NR,T,NL,2002-01-01,121250.0,,
ESTAT:MIGR_IMM1CTZ(1.0),30/03/26 23:00:00,A,TOTAL,COMPLET,TOTAL,NR,T,NO,2002-01-01,40122.0,,
ESTAT:MIGR_IMM1CTZ(1.0),30/03/26 23:00:00,A,TOTAL,COMPLET,TOTAL,NR,T,PL,2002-01-01,6587.0,,
ESTAT:MIGR_IMM1CTZ(1.0),30/03/26 23:00:00,A,TOTAL,COMPLET,TOTAL,NR,T,PT,2002-01-01,50611.0,,
ESTAT:MIGR_IMM1CTZ(1.0),30/03/26 23:00:00,A,TOTAL,COMPLET,TOTAL,NR,T,SE,2002-01-01,64087.0,,
ESTAT:MIGR_IMM1CTZ(1.0),30/03/26 23:00:00,A,TOTAL,COMPLET,TOTAL,NR,T,SI,2002-01-01,9134.0,,
ESTAT:MIGR_IMM1CTZ(1.0),30/03/26 23:00:00,A,TOTAL,COMPLET,TOTAL,NR,T,SK,2002-01-01,2312.0,,
ESTAT:MIGR_IMM1CTZ(1.0),30/03/26 23:00:00,A,TOTAL,COMPLET,TOTAL,NR,T,UK,2002-01-01,385901.0,,
ESTAT:MIGR_IMM1CTZ(1.0),30/03/26 23:00:00,A,TOTAL,COMPLET,TOTAL,NR,T,AT,2003-01-01,111869.0,,
ESTAT:MIGR_IMM1CTZ(1.0),30/03/26 23:00:00,A,TOTAL,COMPLET,TOTAL,NR,T,BE,2003-01-01,112060.0,,
ESTAT:MIGR_IMM1CTZ(1.0),30/03/26 23:00:00,A,TOTAL,COMPLET,TOTAL,NR,T,CH,2003-01-01,119783.0,,
ESTAT:MIGR_IMM1CTZ(1.0),30/03/26 23:00:00,A,TOTAL,COMPLET,TOTAL,NR,T,CY,2003-01-01,7981.0,,
ESTAT:MIGR_IMM1CTZ(1.0),30/03/26 23:00:00,A,TOTAL,COMPLET,TOTAL,NR,T,CZ,2003-01-01,60015.0,,
ESTAT:MIGR_IMM1CTZ(1.0),30/03/26 23:00:00,A,TOTAL,COMPLET,TOTAL,NR,T,DE,2003-01-01,768975.0,,
ESTAT:MIGR_IMM1CTZ(1.0),30/03/26 23:00:00,A,TOTAL,COMPLET,TOTAL,NR,T,DK,2003-01-01,49754.0,,
ESTAT:MIGR_IMM1CTZ(1.0),30/03/26 23:00:00,A,TOTAL,COMPLET,TOTAL,NR,T,EE,2003-01-01,967.0,,
ESTAT:MIGR_IMM1CTZ(1.0),30/03/26 23:00:00,A,TOTAL,COMPLET,TOTAL,NR,T,EL,2003-01-01,63141.0,,
ESTAT:MIGR_IMM1CTZ(1.0),30/03/26 23:00:00,A,TOTAL,COMPLET,TOTAL,NR,T,ES,2003-01-01,470010.0,,
ESTAT:MIGR_IMM1CTZ(1.0),30/03/26 23:00:00,A,TOTAL,COMPLET,TOTAL,NR,T,FI,2003-01-01,17838.0,,
ESTAT:MIGR_IMM1CTZ(1.0),30/03/26 23:00:00,A,TOTAL,COMPLET,TOTAL,NR,T,HR,2003-01-01,18455.0,,
ESTAT:MIGR_IMM1CTZ(1.0),30/03/26 23:00:00,A,TOTAL,COMPLET,TOTAL,NR,T,HU,2003-01-01,21327.0,,
ESTAT:MIGR_IMM1CTZ(1.0),30/03/26 23:00:00,A,TOTAL,COMPLET,TOTAL,NR,T,IE,2003-01-01,58875.0,,
ESTAT:MIGR_IMM1CTZ(1.0),30/03/26 23:00:00,A,TOTAL,COMPLET,TOTAL,NR,T,IS,2003-01-01,3704.0,,
ESTAT:MIGR_IMM1CTZ(1.0),30/03/26 23:00:00,A,TOTAL,COMPLET,TOTAL,NR,T,IT,2003-01-01,440301.0,,
ESTAT:MIGR_IMM1CTZ(1.0),30/03/26 23:00:00,A,TOTAL,COMPLET,TOTAL,NR,T,LT,2003-01-01,4728.0,,
ESTAT:MIGR_IMM1CTZ(1.0),30/03/26 23:00:00,A,TOTAL,COMPLET,TOTAL,NR,T,LU,2003-01-01,13158.0,,
ESTAT:MIGR_IMM1CTZ(1.0),30/03/26 23:00:00,A,TOTAL,COMPLET,TOTAL,NR,T,LV,2003-01-01,4063.0,,
ESTAT:MIGR_IMM1CTZ(1.0),30/03/26 23:00:00,A,TOTAL,COMPLET,TOTAL,NR,T,NL,2003-01-01,104514.0,,
ESTAT:MIGR_IMM1CTZ(1.0),30/03/26 23:00:00,A,TOTAL,COMPLET,TOTAL,NR,T,NO,2003-01-01,35957.0,,
ESTAT:MIGR_IMM1CTZ(1.0),30/03/26 23:00:00,A,TOTAL,COMPLET,TOTAL,NR,T,PL,2003-01-01,7048.0,,
ESTAT:MIGR_IMM1CTZ(1.0),30/03/26 23:00:00,A,TOTAL,COMPLET,TOTAL,NR,T,PT,2003-01-01,31425.0,,
ESTAT:MIGR_IMM1CTZ(1.0),30/03/26 23:00:00,A,TOTAL,COMPLET,TOTAL,NR,T,SE,2003-01-01,63795.0,,
ESTAT:MIGR_IMM1CTZ(1.0),30/03/26 23:00:00,A,TOTAL,COMPLET,TOTAL,NR,T,SI,2003-01-01,9279.0,,
ESTAT:MIGR_IMM1CTZ(1.0),30/03/26 23:00:00,A,TOTAL,COMPLET,TOTAL,NR,T,SK,2003-01-01,2603.0,,
ESTAT:MIGR_IMM1CTZ(1.0),30/03/26 23:00:00,A,TOTAL,COMPLET,TOTAL,NR,T,UK,2003-01-01,431487.0,,
ESTAT:MIGR_IMM1CTZ(1.0),30/03/26 23:00:00,A,TOTAL,COMPLET,TOTAL,NR,T,AT,2004-01-01,122547.0,,
ESTAT:MIGR_IMM1CTZ(1.0),30/03/26 23:00:00,A,TOTAL,COMPLET,TOTAL,NR,T,BE,2004-01-01,117236.0,,
ESTAT:MIGR_IMM1CTZ(1.0),30/03/26 23:00:00,A,TOTAL,COMPLET,TOTAL,NR,T,CH,2004-01-01,120188.0,,
ESTAT:MIGR_IMM1CTZ(1.0),30/03/26 23:00:00,A,TOTAL,COMPLET,TOTAL,NR,T,CY,2004-01-01,9003.0,,
ESTAT:MIGR_IMM1CTZ(1.0),30/03/26 23:00:00,A,TOTAL,COMPLET,TOTAL,NR,T,CZ,2004-01-01,53453.0,,
ESTAT:MIGR_IMM1CTZ(1.0),30/03/26 23:00:00,A,TOTAL,COMPLET,TOTAL,NR,T,DE,2004-01-01,780175.0,,
ESTAT:MIGR_IMM1CTZ(1.0),30/03/26 23:00:00,A,TOTAL,COMPLET,TOTAL,NR,T,DK,2004-01-01,49860.0,,
ESTAT:MIGR_IMM1CTZ(1.0),30/03/26 23:00:00,A,TOTAL,COMPLET,TOTAL,NR,T,EE,2004-01-01,1097.0,,
ESTAT:MIGR_IMM1CTZ(1.0),30/03/26 23:00:00,A,TOTAL,COMPLET,TOTAL,NR,T,EL,2004-01-01,66871.0,,
ESTAT:MIGR_IMM1CTZ(1.0),30/03/26 23:00:00,A,TOTAL,COMPLET,TOTAL,NR,T,ES,2004-01-01,684561.0,,
ESTAT:MIGR_IMM1CTZ(1.0),30/03/26 23:00:00,A,TOTAL,COMPLET,TOTAL,NR,T,FI,2004-01-01,20333.0,,
ESTAT:MIGR_IMM1CTZ(1.0),30/03/26 23:00:00,A,TOTAL,COMPLET,TOTAL,NR,T,HR,2004-01-01,18383.0,,
ESTAT:MIGR_IMM1CTZ(1.0),30/03/26 23:00:00,A,TOTAL,COMPLET,TOTAL,NR,T,HU,2004-01-01,24298.0,,
ESTAT:MIGR_IMM1CTZ(1.0),30/03/26 23:00:00,A,TOTAL,COMPLET,TOTAL,NR,T,IE,2004-01-01,78075.0,,
ESTAT:MIGR_IMM1CTZ(1.0),30/03/26 23:00:00,A,TOTAL,COMPLET,TOTAL,NR,T,IS,2004-01-01,5350.0,,
ESTAT:MIGR_IMM1CTZ(1.0),30/03/26 23:00:00,A,TOTAL,COMPLET,TOTAL,NR,T,IT,2004-01-01,414880.0,,
ESTAT:MIGR_IMM1CTZ(1.0),30/03/26 23:00:00,A,TOTAL,COMPLET,TOTAL,NR,T,LT,2004-01-01,5553.0,,
ESTAT:MIGR_IMM1CTZ(1.0),30/03/26 23:00:00,A,TOTAL,COMPLET,TOTAL,NR,T,LU,2004-01-01,12872.0,,
ESTAT:MIGR_IMM1CTZ(1.0),30/03/26 23:00:00,A,TOTAL,COMPLET,TOTAL,NR,T,LV,2004-01-01,4844.0,,
ESTAT:MIGR_IMM1CTZ(1.0),30/03/26 23:00:00,A,TOTAL,COMPLET,TOTAL,NR,T,NL,2004-01-01,94019.0,,
ESTAT:MIGR_IMM1CTZ(1.0),30/03/26 23:00:00,A,TOTAL,COMPLET,TOTAL,NR,T,NO,2004-01-01,36482.0,,
ESTAT:MIGR_IMM1CTZ(1.0),30/03/26 23:00:00,A,TOTAL,COMPLET,TOTAL,NR,T,PL,2004-01-01,9495.0,,
ESTAT:MIGR_IMM1CTZ(1.0),30/03/26 23:00:00,A,TOTAL,COMPLET,TOTAL,NR,T,PT,2004-01-01,21093.0,,
ESTAT:MIGR_IMM1CTZ(1.0),30/03/26 23:00:00,A,TOTAL,COMPLET,TOTAL,NR,T,SE,2004-01-01,62028.0,,
ESTAT:MIGR_IMM1CTZ(1.0),30/03/26 23:00:00,A,TOTAL,COMPLET,TOTAL,NR,T,SI,2004-01-01,10171.0,,
ESTAT:MIGR_IMM1CTZ(1.0),30/03/26 23:00:00,A,TOTAL,COMPLET,TOTAL,NR,T,SK,2004-01-01,4460.0,,
ESTAT:MIGR_IMM1CTZ(1.0),30/03/26 23:00:00,A,TOTAL,COMPLET,TOTAL,NR,T,UK,2004-01-01,518097.0,,
ESTAT:MIGR_IMM1CTZ(1.0),30/03/26 23:00:00,A,TOTAL,COMPLET,TOTAL,NR,T,AT,2005-01-01,114465.0,,
ESTAT:MIGR_IMM1CTZ(1.0),30/03/26 23:00:00,A,TOTAL,COMPLET,TOTAL,NR,T,BE,2005-01-01,132810.0,,
ESTAT:MIGR_IMM1CTZ(1.0),30/03/26 23:00:00,A,TOTAL,COMPLET,TOTAL,NR,T,CH,2005-01-01,118270.0,,
ESTAT:MIGR_IMM1CTZ(1.0),30/03/26 23:00:00,A,TOTAL,COMPLET,TOTAL,NR,T,CY,2005-01-01,10320.0,,
ESTAT:MIGR_IMM1CTZ(1.0),30/03/26 23:00:00,A,TOTAL,COMPLET,TOTAL,NR,T,CZ,2005-01-01,60294.0,,
ESTAT:MIGR_IMM1CTZ(1.0),30/03/26 23:00:00,A,TOTAL,COMPLET,TOTAL,NR,T,DE,2005-01-01,707352.0,,
ESTAT:MIGR_IMM1CTZ(1.0),30/03/26 23:00:00,A,TOTAL,COMPLET,TOTAL,NR,T,DK,2005-01-01,52458.0,,
ESTAT:MIGR_IMM1CTZ(1.0),30/03/26 23:00:00,A,TOTAL,COMPLET,TOTAL,NR,T,EE,2005-01-01,1436.0,,
ESTAT:MIGR_IMM1CTZ(1.0),30/03/26 23:00:00,A,TOTAL,COMPLET,TOTAL,NR,T,EL,2005-01-01,70933.0,,
ESTAT:MIGR_IMM1CTZ(1.0),30/03/26 23:00:00,A,TOTAL,COMPLET,TOTAL,NR,T,ES,2005-01-01,719284.0,,
ESTAT:MIGR_IMM1CTZ(1.0),30/03/26 23:00:00,A,TOTAL,COMPLET,TOTAL,NR,T,FI,2005-01-01,21355.0,,
ESTAT:MIGR_IMM1CTZ(1.0),30/03/26 23:00:00,A,TOTAL,COMPLET,TOTAL,NR,T,HU,2005-01-01,27820.0,,
ESTAT:MIGR_IMM1CTZ(1.0),30/03/26 23:00:00,A,TOTAL,COMPLET,TOTAL,NR,T,IE,2005-01-01,102000.0,,
ESTAT:MIGR_IMM1CTZ(1.0),30/03/26 23:00:00,A,TOTAL,COMPLET,TOTAL,NR,T,IS,2005-01-01,7773.0,,
ESTAT:MIGR_IMM1CTZ(1.0),30/03/26 23:00:00,A,TOTAL,COMPLET,TOTAL,NR,T,IT,2005-01-01,304960.0,,
ESTAT:MIGR_IMM1CTZ(1.0),30/03/26 23:00:00,A,TOTAL,COMPLET,TOTAL,NR,T,LT,2005-01-01,6789.0,,
ESTAT:MIGR_IMM1CTZ(1.0),30/03/26 23:00:00,A,TOTAL,COMPLET,TOTAL,NR,T,LU,2005-01-01,14397.0,,
ESTAT:MIGR_IMM1CTZ(1.0),30/03/26 23:00:00,A,TOTAL,COMPLET,TOTAL,NR,T,LV,2005-01-01,6691.0,,
ESTAT:MIGR_IMM1CTZ(1.0),30/03/26 23:00:00,A,TOTAL,COMPLET,TOTAL,NR,T,MT,2005-01-01,2075.0,,
ESTAT:MIGR_IMM1CTZ(1.0),30/03/26 23:00:00,A,TOTAL,COMPLET,TOTAL,NR,T,NL,2005-01-01,92297.0,,
ESTAT:MIGR_IMM1CTZ(1.0),30/03/26 23:00:00,A,TOTAL,COMPLET,TOTAL,NR,T,NO,2005-01-01,40148.0,,
ESTAT:MIGR_IMM1CTZ(1.0),30/03/26 23:00:00,A,TOTAL,COMPLET,TOTAL,NR,T,PL,2005-01-01,9364.0,,
ESTAT:MIGR_IMM1CTZ(1.0),30/03/26 23:00:00,A,TOTAL,COMPLET,TOTAL,NR,T,PT,2005-01-01,21741.0,,
ESTAT:MIGR_IMM1CTZ(1.0),30/03/26 23:00:00,A,TOTAL,COMPLET,TOTAL,NR,T,SE,2005-01-01,65229.0,,
ESTAT:MIGR_IMM1CTZ(1.0),30/03/26 23:00:00,A,TOTAL,COMPLET,TOTAL,NR,T,SI,2005-01-01,15041.0,,
ESTAT:MIGR_IMM1CTZ(1.0),30/03/26 23:00:00,A,TOTAL,COMPLET,TOTAL,NR,T,SK,2005-01-01,5276.0,,
ESTAT:MIGR_IMM1CTZ(1.0),30/03/26 23:00:00,A,TOTAL,COMPLET,TOTAL,NR,T,AT,2006-01-01,98535.0,,
ESTAT:MIGR_IMM1CTZ(1.0),30/03/26 23:00:00,A,TOTAL,COMPLET,TOTAL,NR,T,BE,2006-01-01,137699.0,,
ESTAT:MIGR_IMM1CTZ(1.0),30/03/26 23:00:00,A,TOTAL,COMPLET,TOTAL,NR,T,CH,2006-01-01,127586.0,,
ESTAT:MIGR_IMM1CTZ(1.0),30/03/26 23:00:00,A,TOTAL,COMPLET,TOTAL,NR,T,CY,2006-01-01,13077.0,,
ESTAT:MIGR_IMM1CTZ(1.0),30/03/26 23:00:00,A,TOTAL,COMPLET,TOTAL,NR,T,CZ,2006-01-01,68183.0,,
ESTAT:MIGR_IMM1CTZ(1.0),30/03/26 23:00:00,A,TOTAL,COMPLET,TOTAL,NR,T,DE,2006-01-01,661855.0,,
ESTAT:MIGR_IMM1CTZ(1.0),30/03/26 23:00:00,A,TOTAL,COMPLET,TOTAL,NR,T,DK,2006-01-01,56750.0,,
ESTAT:MIGR_IMM1CTZ(1.0),30/03/26 23:00:00,A,TOTAL,COMPLET,TOTAL,NR,T,EE,2006-01-01,2234.0,,
ESTAT:MIGR_IMM1CTZ(1.0),30/03/26 23:00:00,A,TOTAL,COMPLET,TOTAL,NR,T,EL,2006-01-01,63094.0,,
ESTAT:MIGR_IMM1CTZ(1.0),30/03/26 23:00:00,A,TOTAL,COMPLET,TOTAL,NR,T,ES,2006-01-01,840844.0,,
ESTAT:MIGR_IMM1CTZ(1.0),30/03/26 23:00:00,A,TOTAL,COMPLET,TOTAL,NR,T,FI,2006-01-01,22451.0,,
ESTAT:MIGR_IMM1CTZ(1.0),30/03/26 23:00:00,A,TOTAL,COMPLET,TOTAL,NR,T,FR,2006-01-01,301544.0,b,
ESTAT:MIGR_IMM1CTZ(1.0),30/03/26 23:00:00,A,TOTAL,COMPLET,TOTAL,NR,T,HR,2006-01-01,14978.0,,
ESTAT:MIGR_IMM1CTZ(1.0),30/03/26 23:00:00,A,TOTAL,COMPLET,TOTAL,NR,T,HU,2006-01-01,25732.0,p,
ESTAT:MIGR_IMM1CTZ(1.0),30/03/26 23:00:00,A,TOTAL,COMPLET,TOTAL,NR,T,IE,2006-01-01,139434.0,b,
ESTAT:MIGR_IMM1CTZ(1.0),30/03/26 23:00:00,A,TOTAL,COMPLET,TOTAL,NR,T,IS,2006-01-01,9832.0,,
ESTAT:MIGR_IMM1CTZ(1.0),30/03/26 23:00:00,A,TOTAL,COMPLET,TOTAL,NR,T,IT,2006-01-01,279714.0,,
ESTAT:MIGR_IMM1CTZ(1.0),30/03/26 23:00:00,A,TOTAL,COMPLET,TOTAL,NR,T,LT,2006-01-01,7745.0,,
ESTAT:MIGR_IMM1CTZ(1.0),30/03/26 23:00:00,A,TOTAL,COMPLET,TOTAL,NR,T,LU,2006-01-01,14352.0,,
ESTAT:MIGR_IMM1CTZ(1.0),30/03/26 23:00:00,A,TOTAL,COMPLET,TOTAL,NR,T,LV,2006-01-01,8212.0,,
ESTAT:MIGR_IMM1CTZ(1.0),30/03/26 23:00:00,A,TOTAL,COMPLET,TOTAL,NR,T,MT,2006-01-01,3889.0,,
ESTAT:MIGR_IMM1CTZ(1.0),30/03/26 23:00:00,A,TOTAL,COMPLET,TOTAL,NR,T,NL,2006-01-01,101150.0,,
ESTAT:MIGR_IMM1CTZ(1.0),30/03/26 23:00:00,A,TOTAL,COMPLET,TOTAL,NR,T,NO,2006-01-01,45776.0,,
ESTAT:MIGR_IMM1CTZ(1.0),30/03/26 23:00:00,A,TOTAL,COMPLET,TOTAL,NR,T,PL,2006-01-01,10802.0,,
ESTAT:MIGR_IMM1CTZ(1.0),30/03/26 23:00:00,A,TOTAL,COMPLET,TOTAL,NR,T,PT,2006-01-01,22741.0,,
ESTAT:MIGR_IMM1CTZ(1.0),30/03/26 23:00:00,A,TOTAL,COMPLET,TOTAL,NR,T,SE,2006-01-01,95750.0,,
ESTAT:MIGR_IMM1CTZ(1.0),30/03/26 23:00:00,A,TOTAL,COMPLET,TOTAL,NR,T,SI,2006-01-01,20016.0,,
ESTAT:MIGR_IMM1CTZ(1.0),30/03/26 23:00:00,A,TOTAL,COMPLET,TOTAL,NR,T,SK,2006-01-01,5589.0,,
ESTAT:MIGR_IMM1CTZ(1.0),30/03/26 23:00:00,A,TOTAL,COMPLET,TOTAL,NR,T,UK,2006-01-01,529008.0,,
ESTAT:MIGR_IMM1CTZ(1.0),30/03/26 23:00:00,A,TOTAL,COMPLET,TOTAL,NR,T,AT,2007-01-01,72862.0,b,
ESTAT:MIGR_IMM1CTZ(1.0),30/03/26 23:00:00,A,TOTAL,COMPLET,TOTAL,NR,T,BE,2007-01-01,146409.0,,
ESTAT:MIGR_IMM1CTZ(1.0),30/03/26 23:00:00,A,TOTAL,COMPLET,TOTAL,NR,T,BG,2007-01-01,1561.0,,
ESTAT:MIGR_IMM1CTZ(1.0),30/03/26 23:00:00,A,TOTAL,COMPLET,TOTAL,NR,T,CH,2007-01-01,165634.0,,
ESTAT:MIGR_IMM1CTZ(1.0),30/03/26 23:00:00,A,TOTAL,COMPLET,TOTAL,NR,T,CY,2007-01-01,19328.0,,
ESTAT:MIGR_IMM1CTZ(1.0),30/03/26 23:00:00,A,TOTAL,COMPLET,TOTAL,NR,T,CZ,2007-01-01,104445.0,,
ESTAT:MIGR_IMM1CTZ(1.0),30/03/26 23:00:00,A,TOTAL,COMPLET,TOTAL,NR,T,DE,2007-01-01,680766.0,,
ESTAT:MIGR_IMM1CTZ(1.0),30/03/26 23:00:00,A,TOTAL,COMPLET,TOTAL,NR,T,DK,2007-01-01,64656.0,,
ESTAT:MIGR_IMM1CTZ(1.0),30/03/26 23:00:00,A,TOTAL,COMPLET,TOTAL,NR,T,EE,2007-01-01,3741.0,,
ESTAT:MIGR_IMM1CTZ(1.0),30/03/26 23:00:00,A,TOTAL,COMPLET,TOTAL,NR,T,EL,2007-01-01,63298.0,,
ESTAT:MIGR_IMM1CTZ(1.0),30/03/26 23:00:00,A,TOTAL,COMPLET,TOTAL,NR,T,ES,2007-01-01,958266.0,,
ESTAT:MIGR_IMM1CTZ(1.0),30/03/26 23:00:00,A,TOTAL,COMPLET,TOTAL,NR,T,FI,2007-01-01,26029.0,,
ESTAT:MIGR_IMM1CTZ(1.0),30/03/26 23:00:00,A,TOTAL,COMPLET,TOTAL,NR,T,FR,2007-01-01,293980.0,,
ESTAT:MIGR_IMM1CTZ(1.0),30/03/26 23:00:00,A,TOTAL,COMPLET,TOTAL,NR,T,HR,2007-01-01,14622.0,,
ESTAT:MIGR_IMM1CTZ(1.0),30/03/26 23:00:00,A,TOTAL,COMPLET,TOTAL,NR,T,HU,2007-01-01,24361.0,,
ESTAT:MIGR_IMM1CTZ(1.0),30/03/26 23:00:00,A,TOTAL,COMPLET,TOTAL,NR,T,IE,2007-01-01,122415.0,,
ESTAT:MIGR_IMM1CTZ(1.0),30/03/26 23:00:00,A,TOTAL,COMPLET,TOTAL,NR,T,IS,2007-01-01,12546.0,,
ESTAT:MIGR_IMM1CTZ(1.0),30/03/26 23:00:00,A,TOTAL,COMPLET,TOTAL,NR,T,IT,2007-01-01,527123.0,,
ESTAT:MIGR_IMM1CTZ(1.0),30/03/26 23:00:00,A,TOTAL,COMPLET,TOTAL,NR,T,LT,2007-01-01,8609.0,,
ESTAT:MIGR_IMM1CTZ(1.0),30/03/26 23:00:00,A,TOTAL,COMPLET,TOTAL,NR,T,LU,2007-01-01,16675.0,,
ESTAT:MIGR_IMM1CTZ(1.0),30/03/26 23:00:00,A,TOTAL,COMPLET,TOTAL,NR,T,LV,2007-01-01,7517.0,,
ESTAT:MIGR_IMM1CTZ(1.0),30/03/26 23:00:00,A,TOTAL,COMPLET,TOTAL,NR,T,MT,2007-01-01,5292.0,,
ESTAT:MIGR_IMM1CTZ(1.0),30/03/26 23:00:00,A,TOTAL,COMPLET,TOTAL,NR,T,NL,2007-01-01,116819.0,,
ESTAT:MIGR_IMM1CTZ(1.0),30/03/26 23:00:00,A,TOTAL,COMPLET,TOTAL,NR,T,NO,2007-01-01,61774.0,,
ESTAT:MIGR_IMM1CTZ(1.0),30/03/26 23:00:00,A,TOTAL,COMPLET,TOTAL,NR,T,PL,2007-01-01,14995.0,,
ESTAT:MIGR_IMM1CTZ(1.0),30/03/26 23:00:00,A,TOTAL,COMPLET,TOTAL,NR,T,PT,2007-01-01,29661.0,,
ESTAT:MIGR_IMM1CTZ(1.0),30/03/26 23:00:00,A,TOTAL,COMPLET,TOTAL,NR,T,SE,2007-01-01,99485.0,,
ESTAT:MIGR_IMM1CTZ(1.0),30/03/26 23:00:00,A,TOTAL,COMPLET,TOTAL,NR,T,SI,2007-01-01,29193.0,,
ESTAT:MIGR_IMM1CTZ(1.0),30/03/26 23:00:00,A,TOTAL,COMPLET,TOTAL,NR,T,SK,2007-01-01,8624.0,,
ESTAT:MIGR_IMM1CTZ(1.0),30/03/26 23:00:00,A,TOTAL,COMPLET,TOTAL,NR,T,UK,2007-01-01,526714.0,,
ESTAT:MIGR_IMM1CTZ(1.0),30/03/26 23:00:00,A,TOTAL,COMPLET,TOTAL,NR,T,AT,2008-01-01,73772.0,,
ESTAT:MIGR_IMM1CTZ(1.0),30/03/26 23:00:00,A,TOTAL,COMPLET,TOTAL,NR,T,CH,2008-01-01,184297.0,,
ESTAT:MIGR_IMM1CTZ(1.0),30/03/26 23:00:00,A,TOTAL,COMPLET,TOTAL,NR,T,CY,2008-01-01,21060.0,,
ESTAT:MIGR_IMM1CTZ(1.0),30/03/26 23:00:00,A,TOTAL,COMPLET,TOTAL,NR,T,CZ,2008-01-01,108267.0,b,
ESTAT:MIGR_IMM1CTZ(1.0),30/03/26 23:00:00,A,TOTAL,COMPLET,TOTAL,NR,T,DE,2008-01-01,682146.0,,
ESTAT:MIGR_IMM1CTZ(1.0),30/03/26 23:00:00,A,TOTAL,COMPLET,TOTAL,NR,T,DK,2008-01-01,57357.0,b,
ESTAT:MIGR_IMM1CTZ(1.0),30/03/26 23:00:00,A,TOTAL,COMPLET,TOTAL,NR,T,EE,2008-01-01,3671.0,,
ESTAT:MIGR_IMM1CTZ(1.0),30/03/26 23:00:00,A,TOTAL,COMPLET,TOTAL,NR,T,EL,2008-01-01,66529.0,,
ESTAT:MIGR_IMM1CTZ(1.0),30/03/26 23:00:00,A,TOTAL,COMPLET,TOTAL,NR,T,ES,2008-01-01,599075.0,b,
ESTAT:MIGR_IMM1CTZ(1.0),30/03/26 23:00:00,A,TOTAL,COMPLET,TOTAL,NR,T,FI,2008-01-01,29114.0,,
ESTAT:MIGR_IMM1CTZ(1.0),30/03/26 23:00:00,A,TOTAL,COMPLET,TOTAL,NR,T,FR,2008-01-01,296608.0,,
ESTAT:MIGR_IMM1CTZ(1.0),30/03/26 23:00:00,A,TOTAL,COMPLET,TOTAL,NR,T,HR,2008-01-01,16883.0,b,
ESTAT:MIGR_IMM1CTZ(1.0),30/03/26 23:00:00,A,TOTAL,COMPLET,TOTAL,NR,T,HU,2008-01-01,37652.0,b,
ESTAT:MIGR_IMM1CTZ(1.0),30/03/26 23:00:00,A,TOTAL,COMPLET,TOTAL,NR,T,IE,2008-01-01,82592.0,,
ESTAT:MIGR_IMM1CTZ(1.0),30/03/26 23:00:00,A,TOTAL,COMPLET,TOTAL,NR,T,IS,2008-01-01,10288.0,,
ESTAT:MIGR_IMM1CTZ(1.0),30/03/26 23:00:00,A,TOTAL,COMPLET,TOTAL,NR,T,IT,2008-01-01,534712.0,,
ESTAT:MIGR_IMM1CTZ(1.0),30/03/26 23:00:00,A,TOTAL,COMPLET,TOTAL,NR,T,LI,2008-01-01,578.0,b,
ESTAT:MIGR_IMM1CTZ(1.0),30/03/26 23:00:00,A,TOTAL,COMPLET,TOTAL,NR,T,LT,2008-01-01,9297.0,,
ESTAT:MIGR_IMM1CTZ(1.0),30/03/26 23:00:00,A,TOTAL,COMPLET,TOTAL,NR,T,LU,2008-01-01,17758.0,,
ESTAT:MIGR_IMM1CTZ(1.0),30/03/26 23:00:00,A,TOTAL,COMPLET,TOTAL,NR,T,LV,2008-01-01,4678.0,,
ESTAT:MIGR_IMM1CTZ(1.0),30/03/26 23:00:00,A,TOTAL,COMPLET,TOTAL,NR,T,MK,2008-01-01,1052.0,,
ESTAT:MIGR_IMM1CTZ(1.0),30/03/26 23:00:00,A,TOTAL,COMPLET,TOTAL,NR,T,MT,2008-01-01,6043.0,,
ESTAT:MIGR_IMM1CTZ(1.0),30/03/26 23:00:00,A,TOTAL,COMPLET,TOTAL,NR,T,NL,2008-01-01,143516.0,,
ESTAT:MIGR_IMM1CTZ(1.0),30/03/26 23:00:00,A,TOTAL,COMPLET,TOTAL,NR,T,NO,2008-01-01,58123.0,b,
ESTAT:MIGR_IMM1CTZ(1.0),30/03/26 23:00:00,A,TOTAL,COMPLET,TOTAL,NR,T,PL,2008-01-01,15275.0,,
ESTAT:MIGR_IMM1CTZ(1.0),30/03/26 23:00:00,A,TOTAL,COMPLET,TOTAL,NR,T,PT,2008-01-01,29718.0,,
ESTAT:MIGR_IMM1CTZ(1.0),30/03/26 23:00:00,A,TOTAL,COMPLET,TOTAL,NR,T,RO,2008-01-01,138929.0,b,
ESTAT:MIGR_IMM1CTZ(1.0),30/03/26 23:00:00,A,TOTAL,COMPLET,TOTAL,NR,T,SE,2008-01-01,101171.0,,
ESTAT:MIGR_IMM1CTZ(1.0),30/03/26 23:00:00,A,TOTAL,COMPLET,TOTAL,NR,T,SI,2008-01-01,30693.0,b,
ESTAT:MIGR_IMM1CTZ(1.0),30/03/26 23:00:00,A,TOTAL,COMPLET,TOTAL,NR,T,SK,2008-01-01,8765.0,,
ESTAT:MIGR_IMM1CTZ(1.0),30/03/26 23:00:00,A,TOTAL,COMPLET,TOTAL,NR,T,UK,2008-01-01,590242.0,b,
ESTAT:MIGR_IMM1CTZ(1.0),30/03/26 23:00:00,A,TOTAL,COMPLET,TOTAL,NR,T,AT,2009-01-01,69295.0,,
ESTAT:MIGR_IMM1CTZ(1.0),30/03/26 23:00:00,A,TOTAL,COMPLET,TOTAL,NR,T,CH,2009-01-01,160623.0,,
ESTAT:MIGR_IMM1CTZ(1.0),30/03/26 23:00:00,A,TOTAL,COMPLET,TOTAL,NR,T,CY,2009-01-01,22581.0,b,
ESTAT:MIGR_IMM1CTZ(1.0),30/03/26 23:00:00,A,TOTAL,COMPLET,TOTAL,NR,T,CZ,2009-01-01,75620.0,,
ESTAT:MIGR_IMM1CTZ(1.0),30/03/26 23:00:00,A,TOTAL,COMPLET,TOTAL,NR,T,DE,2009-01-01,346216.0,b,
ESTAT:MIGR_IMM1CTZ(1.0),30/03/26 23:00:00,A,TOTAL,COMPLET,TOTAL,NR,T,DK,2009-01-01,51800.0,,
ESTAT:MIGR_IMM1CTZ(1.0),30/03/26 23:00:00,A,TOTAL,COMPLET,TOTAL,NR,T,EE,2009-01-01,3884.0,,
ESTAT:MIGR_IMM1CTZ(1.0),30/03/26 23:00:00,A,TOTAL,COMPLET,TOTAL,NR,T,EL,2009-01-01,58613.0,,
ESTAT:MIGR_IMM1CTZ(1.0),30/03/26 23:00:00,A,TOTAL,COMPLET,TOTAL,NR,T,ES,2009-01-01,392962.0,,
ESTAT:MIGR_IMM1CTZ(1.0),30/03/26 23:00:00,A,TOTAL,COMPLET,TOTAL,NR,T,FI,2009-01-01,26699.0,,
ESTAT:MIGR_IMM1CTZ(1.0),30/03/26 23:00:00,A,TOTAL,COMPLET,TOTAL,NR,T,FR,2009-01-01,296970.0,,
ESTAT:MIGR_IMM1CTZ(1.0),30/03/26 23:00:00,A,TOTAL,COMPLET,TOTAL,NR,T,HR,2009-01-01,13213.0,,
ESTAT:MIGR_IMM1CTZ(1.0),30/03/26 23:00:00,A,TOTAL,COMPLET,TOTAL,NR,T,HU,2009-01-01,27894.0,,
ESTAT:MIGR_IMM1CTZ(1.0),30/03/26 23:00:00,A,TOTAL,COMPLET,TOTAL,NR,T,IE,2009-01-01,50604.0,,
ESTAT:MIGR_IMM1CTZ(1.0),30/03/26 23:00:00,A,TOTAL,COMPLET,TOTAL,NR,T,IS,2009-01-01,3921.0,b,
ESTAT:MIGR_IMM1CTZ(1.0),30/03/26 23:00:00,A,TOTAL,COMPLET,TOTAL,NR,T,IT,2009-01-01,442940.0,,
ESTAT:MIGR_IMM1CTZ(1.0),30/03/26 23:00:00,A,TOTAL,COMPLET,TOTAL,NR,T,LI,2009-01-01,584.0,,
ESTAT:MIGR_IMM1CTZ(1.0),30/03/26 23:00:00,A,TOTAL,COMPLET,TOTAL,NR,T,LT,2009-01-01,6487.0,,
ESTAT:MIGR_IMM1CTZ(1.0),30/03/26 23:00:00,A,TOTAL,COMPLET,TOTAL,NR,T,LU,2009-01-01,15751.0,,
ESTAT:MIGR_IMM1CTZ(1.0),30/03/26 23:00:00,A,TOTAL,COMPLET,TOTAL,NR,T,LV,2009-01-01,3731.0,,
ESTAT:MIGR_IMM1CTZ(1.0),30/03/26 23:00:00,A,TOTAL,COMPLET,TOTAL,NR,T,MK,2009-01-01,857.0,,
ESTAT:MIGR_IMM1CTZ(1.0),30/03/26 23:00:00,A,TOTAL,COMPLET,TOTAL,NR,T,MT,2009-01-01,6161.0,,
ESTAT:MIGR_IMM1CTZ(1.0),30/03/26 23:00:00,A,TOTAL,COMPLET,TOTAL,NR,T,NL,2009-01-01,122917.0,b,
ESTAT:MIGR_IMM1CTZ(1.0),30/03/26 23:00:00,A,TOTAL,COMPLET,TOTAL,NR,T,NO,2009-01-01,55953.0,,
ESTAT:MIGR_IMM1CTZ(1.0),30/03/26 23:00:00,A,TOTAL,COMPLET,TOTAL,NR,T,PL,2009-01-01,189166.0,b,
ESTAT:MIGR_IMM1CTZ(1.0),30/03/26 23:00:00,A,TOTAL,COMPLET,TOTAL,NR,T,PT,2009-01-01,32307.0,,
ESTAT:MIGR_IMM1CTZ(1.0),30/03/26 23:00:00,A,TOTAL,COMPLET,TOTAL,NR,T,RO,2009-01-01,135844.0,,
ESTAT:MIGR_IMM1CTZ(1.0),30/03/26 23:00:00,A,TOTAL,COMPLET,TOTAL,NR,T,SE,2009-01-01,102280.0,,
ESTAT:MIGR_IMM1CTZ(1.0),30/03/26 23:00:00,A,TOTAL,COMPLET,TOTAL,NR,T,SI,2009-01-01,30296.0,,
ESTAT:MIGR_IMM1CTZ(1.0),30/03/26 23:00:00,A,TOTAL,COMPLET,TOTAL,NR,T,SK,2009-01-01,6346.0,,
ESTAT:MIGR_IMM1CTZ(1.0),30/03/26 23:00:00,A,TOTAL,COMPLET,TOTAL,NR,T,UK,2009-01-01,566514.0,,
ESTAT:MIGR_IMM1CTZ(1.0),30/03/26 23:00:00,A,TOTAL,COMPLET,TOTAL,NR,T,AT,2010-01-01,70978.0,,
ESTAT:MIGR_IMM1CTZ(1.0),30/03/26 23:00:00,A,TOTAL,COMPLET,TOTAL,NR,T,BE,2010-01-01,135281.0,b,
ESTAT:MIGR_IMM1CTZ(1.0),30/03/26 23:00:00,A,TOTAL,COMPLET,TOTAL,NR,T,CH,2010-01-01,161778.0,,
ESTAT:MIGR_IMM1CTZ(1.0),30/03/26 23:00:00,A,TOTAL,COMPLET,TOTAL,NR,T,CY,2010-01-01,20206.0,,
ESTAT:MIGR_IMM1CTZ(1.0),30/03/26 23:00:00,A,TOTAL,COMPLET,TOTAL,NR,T,CZ,2010-01-01,48317.0,,
ESTAT:MIGR_IMM1CTZ(1.0),30/03/26 23:00:00,A,TOTAL,COMPLET,TOTAL,NR,T,DE,2010-01-01,404055.0,,
ESTAT:MIGR_IMM1CTZ(1.0),30/03/26 23:00:00,A,TOTAL,COMPLET,TOTAL,NR,T,DK,2010-01-01,52236.0,,
ESTAT:MIGR_IMM1CTZ(1.0),30/03/26 23:00:00,A,TOTAL,COMPLET,TOTAL,NR,T,EE,2010-01-01,2810.0,,
ESTAT:MIGR_IMM1CTZ(1.0),30/03/26 23:00:00,A,TOTAL,COMPLET,TOTAL,NR,T,EL,2010-01-01,60462.0,,
ESTAT:MIGR_IMM1CTZ(1.0),30/03/26 23:00:00,A,TOTAL,COMPLET,TOTAL,NR,T,ES,2010-01-01,360705.0,,
ESTAT:MIGR_IMM1CTZ(1.0),30/03/26 23:00:00,A,TOTAL,COMPLET,TOTAL,NR,T,FI,2010-01-01,25636.0,,
ESTAT:MIGR_IMM1CTZ(1.0),30/03/26 23:00:00,A,TOTAL,COMPLET,TOTAL,NR,T,FR,2010-01-01,307111.0,b,
ESTAT:MIGR_IMM1CTZ(1.0),30/03/26 23:00:00,A,TOTAL,COMPLET,TOTAL,NR,T,HR,2010-01-01,8846.0,,
ESTAT:MIGR_IMM1CTZ(1.0),30/03/26 23:00:00,A,TOTAL,COMPLET,TOTAL,NR,T,HU,2010-01-01,25519.0,b,
ESTAT:MIGR_IMM1CTZ(1.0),30/03/26 23:00:00,A,TOTAL,COMPLET,TOTAL,NR,T,IE,2010-01-01,52339.0,,
ESTAT:MIGR_IMM1CTZ(1.0),30/03/26 23:00:00,A,TOTAL,COMPLET,TOTAL,NR,T,IS,2010-01-01,3948.0,,
ESTAT:MIGR_IMM1CTZ(1.0),30/03/26 23:00:00,A,TOTAL,COMPLET,TOTAL,NR,T,IT,2010-01-01,458856.0,,
ESTAT:MIGR_IMM1CTZ(1.0),30/03/26 23:00:00,A,TOTAL,COMPLET,TOTAL,NR,T,LI,2010-01-01,591.0,,
ESTAT:MIGR_IMM1CTZ(1.0),30/03/26 23:00:00,A,TOTAL,COMPLET,TOTAL,NR,T,LT,2010-01-01,5213.0,,
ESTAT:MIGR_IMM1CTZ(1.0),30/03/26 23:00:00,A,TOTAL,COMPLET,TOTAL,NR,T,LU,2010-01-01,16962.0,,
ESTAT:MIGR_IMM1CTZ(1.0),30/03/26 23:00:00,A,TOTAL,COMPLET,TOTAL,NR,T,LV,2010-01-01,4011.0,,
ESTAT:MIGR_IMM1CTZ(1.0),30/03/26 23:00:00,A,TOTAL,COMPLET,TOTAL,NR,T,ME,2010-01-01,5749.0,,
ESTAT:MIGR_IMM1CTZ(1.0),30/03/26 23:00:00,A,TOTAL,COMPLET,TOTAL,NR,T,MK,2010-01-01,1359.0,,
ESTAT:MIGR_IMM1CTZ(1.0),30/03/26 23:00:00,A,TOTAL,COMPLET,TOTAL,NR,T,MT,2010-01-01,4275.0,,
ESTAT:MIGR_IMM1CTZ(1.0),30/03/26 23:00:00,A,TOTAL,COMPLET,TOTAL,NR,T,NL,2010-01-01,126776.0,,
ESTAT:MIGR_IMM1CTZ(1.0),30/03/26 23:00:00,A,TOTAL,COMPLET,TOTAL,NR,T,NO,2010-01-01,69214.0,,
ESTAT:MIGR_IMM1CTZ(1.0),30/03/26 23:00:00,A,TOTAL,COMPLET,TOTAL,NR,T,PL,2010-01-01,155131.0,,
ESTAT:MIGR_IMM1CTZ(1.0),30/03/26 23:00:00,A,TOTAL,COMPLET,TOTAL,NR,T,PT,2010-01-01,27575.0,,
ESTAT:MIGR_IMM1CTZ(1.0),30/03/26 23:00:00,A,TOTAL,COMPLET,TOTAL,NR,T,RO,2010-01-01,149885.0,,
ESTAT:MIGR_IMM1CTZ(1.0),30/03/26 23:00:00,A,TOTAL,COMPLET,TOTAL,NR,T,SE,2010-01-01,98801.0,,
ESTAT:MIGR_IMM1CTZ(1.0),30/03/26 23:00:00,A,TOTAL,COMPLET,TOTAL,NR,T,SI,2010-01-01,15416.0,,
ESTAT:MIGR_IMM1CTZ(1.0),30/03/26 23:00:00,A,TOTAL,COMPLET,TOTAL,NR,T,SK,2010-01-01,5272.0,,
ESTAT:MIGR_IMM1CTZ(1.0),30/03/26 23:00:00,A,TOTAL,COMPLET,TOTAL,NR,T,UK,2010-01-01,590950.0,,
ESTAT:MIGR_IMM1CTZ(1.0),30/03/26 23:00:00,A,TOTAL,COMPLET,TOTAL,NR,T,AT,2011-01-01,82230.0,,
ESTAT:MIGR_IMM1CTZ(1.0),30/03/26 23:00:00,A,TOTAL,COMPLET,TOTAL,NR,T,BE,2011-01-01,147377.0,b,
ESTAT:MIGR_IMM1CTZ(1.0),30/03/26 23:00:00,A,TOTAL,COMPLET,TOTAL,NR,T,CH,2011-01-01,148799.0,b,
ESTAT:MIGR_IMM1CTZ(1.0),30/03/26 23:00:00,A,TOTAL,COMPLET,TOTAL,NR,T,CY,2011-01-01,23037.0,,
ESTAT:MIGR_IMM1CTZ(1.0),30/03/26 23:00:00,A,TOTAL,COMPLET,TOTAL,NR,T,CZ,2011-01-01,27114.0,b,
ESTAT:MIGR_IMM1CTZ(1.0),30/03/26 23:00:00,A,TOTAL,COMPLET,TOTAL,NR,T,DE,2011-01-01,489422.0,,
ESTAT:MIGR_IMM1CTZ(1.0),30/03/26 23:00:00,A,TOTAL,COMPLET,TOTAL,NR,T,DK,2011-01-01,52833.0,,
ESTAT:MIGR_IMM1CTZ(1.0),30/03/26 23:00:00,A,TOTAL,COMPLET,TOTAL,NR,T,EE,2011-01-01,3709.0,,
ESTAT:MIGR_IMM1CTZ(1.0),30/03/26 23:00:00,A,TOTAL,COMPLET,TOTAL,NR,T,EL,2011-01-01,60089.0,b,
ESTAT:MIGR_IMM1CTZ(1.0),30/03/26 23:00:00,A,TOTAL,COMPLET,TOTAL,NR,T,ES,2011-01-01,371331.0,,
ESTAT:MIGR_IMM1CTZ(1.0),30/03/26 23:00:00,A,TOTAL,COMPLET,TOTAL,NR,T,FI,2011-01-01,29481.0,,
ESTAT:MIGR_IMM1CTZ(1.0),30/03/26 23:00:00,A,TOTAL,COMPLET,TOTAL,NR,T,FR,2011-01-01,319816.0,,
ESTAT:MIGR_IMM1CTZ(1.0),30/03/26 23:00:00,A,TOTAL,COMPLET,TOTAL,NR,T,HR,2011-01-01,8534.0,,
ESTAT:MIGR_IMM1CTZ(1.0),30/03/26 23:00:00,A,TOTAL,COMPLET,TOTAL,NR,T,HU,2011-01-01,28018.0,,
ESTAT:MIGR_IMM1CTZ(1.0),30/03/26 23:00:00,A,TOTAL,COMPLET,TOTAL,NR,T,IE,2011-01-01,57292.0,b,
ESTAT:MIGR_IMM1CTZ(1.0),30/03/26 23:00:00,A,TOTAL,COMPLET,TOTAL,NR,T,IS,2011-01-01,4073.0,,
ESTAT:MIGR_IMM1CTZ(1.0),30/03/26 23:00:00,A,TOTAL,COMPLET,TOTAL,NR,T,IT,2011-01-01,385793.0,,
ESTAT:MIGR_IMM1CTZ(1.0),30/03/26 23:00:00,A,TOTAL,COMPLET,TOTAL,NR,T,LI,2011-01-01,650.0,,
ESTAT:MIGR_IMM1CTZ(1.0),30/03/26 23:00:00,A,TOTAL,COMPLET,TOTAL,NR,T,LT,2011-01-01,15685.0,,
ESTAT:MIGR_IMM1CTZ(1.0),30/03/26 23:00:00,A,TOTAL,COMPLET,TOTAL,NR,T,LU,2011-01-01,20268.0,,
ESTAT:MIGR_IMM1CTZ(1.0),30/03/26 23:00:00,A,TOTAL,COMPLET,TOTAL,NR,T,LV,2011-01-01,10234.0,,
ESTAT:MIGR_IMM1CTZ(1.0),30/03/26 23:00:00,A,TOTAL,COMPLET,TOTAL,NR,T,ME,2011-01-01,6025.0,,
ESTAT:MIGR_IMM1CTZ(1.0),30/03/26 23:00:00,A,TOTAL,COMPLET,TOTAL,NR,T,MK,2011-01-01,1464.0,,
ESTAT:MIGR_IMM1CTZ(1.0),30/03/26 23:00:00,A,TOTAL,COMPLET,TOTAL,NR,T,MT,2011-01-01,5465.0,,
ESTAT:MIGR_IMM1CTZ(1.0),30/03/26 23:00:00,A,TOTAL,COMPLET,TOTAL,NR,T,NL,2011-01-01,130118.0,,
ESTAT:MIGR_IMM1CTZ(1.0),30/03/26 23:00:00,A,TOTAL,COMPLET,TOTAL,NR,T,NO,2011-01-01,70337.0,,
ESTAT:MIGR_IMM1CTZ(1.0),30/03/26 23:00:00,A,TOTAL,COMPLET,TOTAL,NR,T,PL,2011-01-01,157059.0,,
ESTAT:MIGR_IMM1CTZ(1.0),30/03/26 23:00:00,A,TOTAL,COMPLET,TOTAL,NR,T,PT,2011-01-01,18820.0,,
ESTAT:MIGR_IMM1CTZ(1.0),30/03/26 23:00:00,A,TOTAL,COMPLET,TOTAL,NR,T,RO,2011-01-01,147685.0,,
ESTAT:MIGR_IMM1CTZ(1.0),30/03/26 23:00:00,A,TOTAL,COMPLET,TOTAL,NR,T,SE,2011-01-01,96467.0,,
ESTAT:MIGR_IMM1CTZ(1.0),30/03/26 23:00:00,A,TOTAL,COMPLET,TOTAL,NR,T,SI,2011-01-01,14083.0,,
ESTAT:MIGR_IMM1CTZ(1.0),30/03/26 23:00:00,A,TOTAL,COMPLET,TOTAL,NR,T,SK,2011-01-01,4829.0,,
ESTAT:MIGR_IMM1CTZ(1.0),30/03/26 23:00:00,A,TOTAL,COMPLET,TOTAL,NR,T,UK,2011-01-01,566044.0,,
ESTAT:MIGR_IMM1CTZ(1.0),30/03/26 23:00:00,A,TOTAL,COMPLET,TOTAL,NR,T,AT,2012-01-01,91557.0,,
ESTAT:MIGR_IMM1CTZ(1.0),30/03/26 23:00:00,A,TOTAL,COMPLET,TOTAL,NR,T,BE,2012-01-01,129477.0,,
ESTAT:MIGR_IMM1CTZ(1.0),30/03/26 23:00:00,A,TOTAL,COMPLET,TOTAL,NR,T,BG,2012-01-01,14103.0,bp,
ESTAT:MIGR_IMM1CTZ(1.0),30/03/26 23:00:00,A,TOTAL,COMPLET,TOTAL,NR,T,CH,2012-01-01,149051.0,,
ESTAT:MIGR_IMM1CTZ(1.0),30/03/26 23:00:00,A,TOTAL,COMPLET,TOTAL,NR,T,CY,2012-01-01,16138.0,,
ESTAT:MIGR_IMM1CTZ(1.0),30/03/26 23:00:00,A,TOTAL,COMPLET,TOTAL,NR,T,CZ,2012-01-01,34337.0,,
ESTAT:MIGR_IMM1CTZ(1.0),30/03/26 23:00:00,A,TOTAL,COMPLET,TOTAL,NR,T,DE,2012-01-01,592175.0,,
ESTAT:MIGR_IMM1CTZ(1.0),30/03/26 23:00:00,A,TOTAL,COMPLET,TOTAL,NR,T,DK,2012-01-01,54409.0,,
ESTAT:MIGR_IMM1CTZ(1.0),30/03/26 23:00:00,A,TOTAL,COMPLET,TOTAL,NR,T,EE,2012-01-01,2639.0,,
ESTAT:MIGR_IMM1CTZ(1.0),30/03/26 23:00:00,A,TOTAL,COMPLET,TOTAL,NR,T,EL,2012-01-01,58200.0,,
ESTAT:MIGR_IMM1CTZ(1.0),30/03/26 23:00:00,A,TOTAL,COMPLET,TOTAL,NR,T,ES,2012-01-01,304053.0,,
ESTAT:MIGR_IMM1CTZ(1.0),30/03/26 23:00:00,A,TOTAL,COMPLET,TOTAL,NR,T,FI,2012-01-01,31278.0,,
ESTAT:MIGR_IMM1CTZ(1.0),30/03/26 23:00:00,A,TOTAL,COMPLET,TOTAL,NR,T,FR,2012-01-01,327431.0,,
ESTAT:MIGR_IMM1CTZ(1.0),30/03/26 23:00:00,A,TOTAL,COMPLET,TOTAL,NR,T,HR,2012-01-01,8959.0,,
ESTAT:MIGR_IMM1CTZ(1.0),30/03/26 23:00:00,A,TOTAL,COMPLET,TOTAL,NR,T,HU,2012-01-01,33702.0,,
ESTAT:MIGR_IMM1CTZ(1.0),30/03/26 23:00:00,A,TOTAL,COMPLET,TOTAL,NR,T,IE,2012-01-01,61324.0,,
ESTAT:MIGR_IMM1CTZ(1.0),30/03/26 23:00:00,A,TOTAL,COMPLET,TOTAL,NR,T,IS,2012-01-01,4960.0,,
ESTAT:MIGR_IMM1CTZ(1.0),30/03/26 23:00:00,A,TOTAL,COMPLET,TOTAL,NR,T,IT,2012-01-01,350772.0,,
ESTAT:MIGR_IMM1CTZ(1.0),30/03/26 23:00:00,A,TOTAL,COMPLET,TOTAL,NR,T,LI,2012-01-01,671.0,,
ESTAT:MIGR_IMM1CTZ(1.0),30/03/26 23:00:00,A,TOTAL,COMPLET,TOTAL,NR,T,LT,2012-01-01,28797.0,,
ESTAT:MIGR_IMM1CTZ(1.0),30/03/26 23:00:00,A,TOTAL,COMPLET,TOTAL,NR,T,LU,2012-01-01,20478.0,,
ESTAT:MIGR_IMM1CTZ(1.0),30/03/26 23:00:00,A,TOTAL,COMPLET,TOTAL,NR,T,LV,2012-01-01,13303.0,,
ESTAT:MIGR_IMM1CTZ(1.0),30/03/26 23:00:00,A,TOTAL,COMPLET,TOTAL,NR,T,ME,2012-01-01,5727.0,,
ESTAT:MIGR_IMM1CTZ(1.0),30/03/26 23:00:00,A,TOTAL,COMPLET,TOTAL,NR,T,MK,2012-01-01,1715.0,,
ESTAT:MIGR_IMM1CTZ(1.0),30/03/26 23:00:00,A,TOTAL,COMPLET,TOTAL,NR,T,MT,2012-01-01,9152.0,,
ESTAT:MIGR_IMM1CTZ(1.0),30/03/26 23:00:00,A,TOTAL,COMPLET,TOTAL,NR,T,NL,2012-01-01,124566.0,,
ESTAT:MIGR_IMM1CTZ(1.0),30/03/26 23:00:00,A,TOTAL,COMPLET,TOTAL,NR,T,NO,2012-01-01,69908.0,,
ESTAT:MIGR_IMM1CTZ(1.0),30/03/26 23:00:00,A,TOTAL,COMPLET,TOTAL,NR,T,PL,2012-01-01,217546.0,,
ESTAT:MIGR_IMM1CTZ(1.0),30/03/26 23:00:00,A,TOTAL,COMPLET,TOTAL,NR,T,PT,2012-01-01,14668.0,,
ESTAT:MIGR_IMM1CTZ(1.0),30/03/26 23:00:00,A,TOTAL,COMPLET,TOTAL,NR,T,RO,2012-01-01,167266.0,,
ESTAT:MIGR_IMM1CTZ(1.0),30/03/26 23:00:00,A,TOTAL,COMPLET,TOTAL,NR,T,SE,2012-01-01,103059.0,,
ESTAT:MIGR_IMM1CTZ(1.0),30/03/26 23:00:00,A,TOTAL,COMPLET,TOTAL,NR,T,SI,2012-01-01,15022.0,,
ESTAT:MIGR_IMM1CTZ(1.0),30/03/26 23:00:00,A,TOTAL,COMPLET,TOTAL,NR,T,SK,2012-01-01,5419.0,p,
ESTAT:MIGR_IMM1CTZ(1.0),30/03/26 23:00:00,A,TOTAL,COMPLET,TOTAL,NR,T,UK,2012-01-01,498040.0,,
ESTAT:MIGR_IMM1CTZ(1.0),30/03/26 23:00:00,A,TOTAL,COMPLET,TOTAL,NR,T,AT,2013-01-01,101866.0,,
ESTAT:MIGR_IMM1CTZ(1.0),30/03/26 23:00:00,A,TOTAL,COMPLET,TOTAL,NR,T,BE,2013-01-01,120078.0,,
ESTAT:MIGR_IMM1CTZ(1.0),30/03/26 23:00:00,A,TOTAL,COMPLET,TOTAL,NR,T,BG,2013-01-01,18570.0,p,
ESTAT:MIGR_IMM1CTZ(1.0),30/03/26 23:00:00,A,TOTAL,COMPLET,TOTAL,NR,T,CH,2013-01-01,160157.0,,
ESTAT:MIGR_IMM1CTZ(1.0),30/03/26 23:00:00,A,TOTAL,COMPLET,TOTAL,NR,T,CY,2013-01-01,13666.0,,
ESTAT:MIGR_IMM1CTZ(1.0),30/03/26 23:00:00,A,TOTAL,COMPLET,TOTAL,NR,T,CZ,2013-01-01,30124.0,b,
ESTAT:MIGR_IMM1CTZ(1.0),30/03/26 23:00:00,A,TOTAL,COMPLET,TOTAL,NR,T,DE,2013-01-01,692713.0,,
ESTAT:MIGR_IMM1CTZ(1.0),30/03/26 23:00:00,A,TOTAL,COMPLET,TOTAL,NR,T,DK,2013-01-01,60312.0,,
ESTAT:MIGR_IMM1CTZ(1.0),30/03/26 23:00:00,A,TOTAL,COMPLET,TOTAL,NR,T,EE,2013-01-01,4109.0,,
ESTAT:MIGR_IMM1CTZ(1.0),30/03/26 23:00:00,A,TOTAL,COMPLET,TOTAL,NR,T,EL,2013-01-01,57946.0,,
ESTAT:MIGR_IMM1CTZ(1.0),30/03/26 23:00:00,A,TOTAL,COMPLET,TOTAL,NR,T,ES,2013-01-01,280772.0,,
ESTAT:MIGR_IMM1CTZ(1.0),30/03/26 23:00:00,A,TOTAL,COMPLET,TOTAL,NR,T,EU27_2020,2013-01-01,2901962.0,bep,
ESTAT:MIGR_IMM1CTZ(1.0),30/03/26 23:00:00,A,TOTAL,COMPLET,TOTAL,NR,T,FI,2013-01-01,31941.0,,
ESTAT:MIGR_IMM1CTZ(1.0),30/03/26 23:00:00,A,TOTAL,COMPLET,TOTAL,NR,T,FR,2013-01-01,338752.0,,
ESTAT:MIGR_IMM1CTZ(1.0),30/03/26 23:00:00,A,TOTAL,COMPLET,TOTAL,NR,T,HR,2013-01-01,10378.0,,
ESTAT:MIGR_IMM1CTZ(1.0),30/03/26 23:00:00,A,TOTAL,COMPLET,TOTAL,NR,T,HU,2013-01-01,38968.0,,
ESTAT:MIGR_IMM1CTZ(1.0),30/03/26 23:00:00,A,TOTAL,COMPLET,TOTAL,NR,T,IE,2013-01-01,65539.0,,
ESTAT:MIGR_IMM1CTZ(1.0),30/03/26 23:00:00,A,TOTAL,COMPLET,TOTAL,NR,T,IS,2013-01-01,6406.0,,
ESTAT:MIGR_IMM1CTZ(1.0),30/03/26 23:00:00,A,TOTAL,COMPLET,TOTAL,NR,T,IT,2013-01-01,307454.0,,
ESTAT:MIGR_IMM1CTZ(1.0),30/03/26 23:00:00,A,TOTAL,COMPLET,TOTAL,NR,T,LI,2013-01-01,696.0,,
ESTAT:MIGR_IMM1CTZ(1.0),30/03/26 23:00:00,A,TOTAL,COMPLET,TOTAL,NR,T,LT,2013-01-01,30924.0,,
ESTAT:MIGR_IMM1CTZ(1.0),30/03/26 23:00:00,A,TOTAL,COMPLET,TOTAL,NR,T,LU,2013-01-01,21098.0,,
ESTAT:MIGR_IMM1CTZ(1.0),30/03/26 23:00:00,A,TOTAL,COMPLET,TOTAL,NR,T,LV,2013-01-01,8299.0,,
ESTAT:MIGR_IMM1CTZ(1.0),30/03/26 23:00:00,A,TOTAL,COMPLET,TOTAL,NR,T,ME,2013-01-01,5112.0,,
ESTAT:MIGR_IMM1CTZ(1.0),30/03/26 23:00:00,A,TOTAL,COMPLET,TOTAL,NR,T,MK,2013-01-01,2050.0,,
ESTAT:MIGR_IMM1CTZ(1.0),30/03/26 23:00:00,A,TOTAL,COMPLET,TOTAL,NR,T,MT,2013-01-01,12446.0,,
ESTAT:MIGR_IMM1CTZ(1.0),30/03/26 23:00:00,A,TOTAL,COMPLET,TOTAL,NR,T,NL,2013-01-01,129428.0,,
ESTAT:MIGR_IMM1CTZ(1.0),30/03/26 23:00:00,A,TOTAL,COMPLET,TOTAL,NR,T,NO,2013-01-01,68313.0,,
ESTAT:MIGR_IMM1CTZ(1.0),30/03/26 23:00:00,A,TOTAL,COMPLET,TOTAL,NR,T,PL,2013-01-01,220311.0,,
ESTAT:MIGR_IMM1CTZ(1.0),30/03/26 23:00:00,A,TOTAL,COMPLET,TOTAL,NR,T,PT,2013-01-01,17757.0,,
ESTAT:MIGR_IMM1CTZ(1.0),30/03/26 23:00:00,A,TOTAL,COMPLET,TOTAL,NR,T,RO,2013-01-01,153646.0,,
ESTAT:MIGR_IMM1CTZ(1.0),30/03/26 23:00:00,A,TOTAL,COMPLET,TOTAL,NR,T,SE,2013-01-01,115845.0,,
ESTAT:MIGR_IMM1CTZ(1.0),30/03/26 23:00:00,A,TOTAL,COMPLET,TOTAL,NR,T,SI,2013-01-01,13871.0,,
ESTAT:MIGR_IMM1CTZ(1.0),30/03/26 23:00:00,A,TOTAL,COMPLET,TOTAL,NR,T,SK,2013-01-01,5149.0,p,
ESTAT:MIGR_IMM1CTZ(1.0),30/03/26 23:00:00,A,TOTAL,COMPLET,TOTAL,NR,T,UK,2013-01-01,526046.0,,
ESTAT:MIGR_IMM1CTZ(1.0),30/03/26 23:00:00,A,TOTAL,COMPLET,TOTAL,NR,T,AT,2014-01-01,116262.0,,
ESTAT:MIGR_IMM1CTZ(1.0),30/03/26 23:00:00,A,TOTAL,COMPLET,TOTAL,NR,T,BE,2014-01-01,123158.0,,
ESTAT:MIGR_IMM1CTZ(1.0),30/03/26 23:00:00,A,TOTAL,COMPLET,TOTAL,NR,T,BG,2014-01-01,26615.0,p,
ESTAT:MIGR_IMM1CTZ(1.0),30/03/26 23:00:00,A,TOTAL,COMPLET,TOTAL,NR,T,CH,2014-01-01,156282.0,,
ESTAT:MIGR_IMM1CTZ(1.0),30/03/26 23:00:00,A,TOTAL,COMPLET,TOTAL,NR,T,CY,2014-01-01,13003.0,,
ESTAT:MIGR_IMM1CTZ(1.0),30/03/26 23:00:00,A,TOTAL,COMPLET,TOTAL,NR,T,CZ,2014-01-01,29897.0,,
ESTAT:MIGR_IMM1CTZ(1.0),30/03/26 23:00:00,A,TOTAL,COMPLET,TOTAL,NR,T,DE,2014-01-01,898840.0,e,
ESTAT:MIGR_IMM1CTZ(1.0),30/03/26 23:00:00,A,TOTAL,COMPLET,TOTAL,NR,T,DK,2014-01-01,68388.0,,
ESTAT:MIGR_IMM1CTZ(1.0),30/03/26 23:00:00,A,TOTAL,COMPLET,TOTAL,NR,T,EE,2014-01-01,3904.0,,
ESTAT:MIGR_IMM1CTZ(1.0),30/03/26 23:00:00,A,TOTAL,COMPLET,TOTAL,NR,T,EL,2014-01-01,59013.0,,
ESTAT:MIGR_IMM1CTZ(1.0),30/03/26 23:00:00,A,TOTAL,COMPLET,TOTAL,NR,T,ES,2014-01-01,305454.0,,
ESTAT:MIGR_IMM1CTZ(1.0),30/03/26 23:00:00,A,TOTAL,COMPLET,TOTAL,NR,T,EU27_2020,2014-01-01,3187841.0,ep,
ESTAT:MIGR_IMM1CTZ(1.0),30/03/26 23:00:00,A,TOTAL,COMPLET,TOTAL,NR,T,FI,2014-01-01,31507.0,,
ESTAT:MIGR_IMM1CTZ(1.0),30/03/26 23:00:00,A,TOTAL,COMPLET,TOTAL,NR,T,FR,2014-01-01,340383.0,,
ESTAT:MIGR_IMM1CTZ(1.0),30/03/26 23:00:00,A,TOTAL,COMPLET,TOTAL,NR,T,HR,2014-01-01,10638.0,,
ESTAT:MIGR_IMM1CTZ(1.0),30/03/26 23:00:00,A,TOTAL,COMPLET,TOTAL,NR,T,HU,2014-01-01,54581.0,,
ESTAT:MIGR_IMM1CTZ(1.0),30/03/26 23:00:00,A,TOTAL,COMPLET,TOTAL,NR,T,IE,2014-01-01,73519.0,,
ESTAT:MIGR_IMM1CTZ(1.0),30/03/26 23:00:00,A,TOTAL,COMPLET,TOTAL,NR,T,IS,2014-01-01,5368.0,,
ESTAT:MIGR_IMM1CTZ(1.0),30/03/26 23:00:00,A,TOTAL,COMPLET,TOTAL,NR,T,IT,2014-01-01,277631.0,,
ESTAT:MIGR_IMM1CTZ(1.0),30/03/26 23:00:00,A,TOTAL,COMPLET,TOTAL,NR,T,LI,2014-01-01,615.0,,
ESTAT:MIGR_IMM1CTZ(1.0),30/03/26 23:00:00,A,TOTAL,COMPLET,TOTAL,NR,T,LT,2014-01-01,33544.0,,
ESTAT:MIGR_IMM1CTZ(1.0),30/03/26 23:00:00,A,TOTAL,COMPLET,TOTAL,NR,T,LU,2014-01-01,22332.0,,
ESTAT:MIGR_IMM1CTZ(1.0),30/03/26 23:00:00,A,TOTAL,COMPLET,TOTAL,NR,T,LV,2014-01-01,10365.0,,
ESTAT:MIGR_IMM1CTZ(1.0),30/03/26 23:00:00,A,TOTAL,COMPLET,TOTAL,NR,T,MD,2014-01-01,98731.0,,
ESTAT:MIGR_IMM1CTZ(1.0),30/03/26 23:00:00,A,TOTAL,COMPLET,TOTAL,NR,T,ME,2014-01-01,5353.0,,
ESTAT:MIGR_IMM1CTZ(1.0),30/03/26 23:00:00,A,TOTAL,COMPLET,TOTAL,NR,T,MK,2014-01-01,1935.0,,
ESTAT:MIGR_IMM1CTZ(1.0),30/03/26 23:00:00,A,TOTAL,COMPLET,TOTAL,NR,T,MT,2014-01-01,15928.0,,
ESTAT:MIGR_IMM1CTZ(1.0),30/03/26 23:00:00,A,TOTAL,COMPLET,TOTAL,NR,T,NL,2014-01-01,145323.0,,
ESTAT:MIGR_IMM1CTZ(1.0),30/03/26 23:00:00,A,TOTAL,COMPLET,TOTAL,NR,T,NO,2014-01-01,66903.0,,
ESTAT:MIGR_IMM1CTZ(1.0),30/03/26 23:00:00,A,TOTAL,COMPLET,TOTAL,NR,T,PL,2014-01-01,222275.0,p,
ESTAT:MIGR_IMM1CTZ(1.0),30/03/26 23:00:00,A,TOTAL,COMPLET,TOTAL,NR,T,PT,2014-01-01,23077.0,,
ESTAT:MIGR_IMM1CTZ(1.0),30/03/26 23:00:00,A,TOTAL,COMPLET,TOTAL,NR,T,RO,2014-01-01,136035.0,,
ESTAT:MIGR_IMM1CTZ(1.0),30/03/26 23:00:00,A,TOTAL,COMPLET,TOTAL,NR,T,SE,2014-01-01,126966.0,,
ESTAT:MIGR_IMM1CTZ(1.0),30/03/26 23:00:00,A,TOTAL,COMPLET,TOTAL,NR,T,SI,2014-01-01,13846.0,,
ESTAT:MIGR_IMM1CTZ(1.0),30/03/26 23:00:00,A,TOTAL,COMPLET,TOTAL,NR,T,SK,2014-01-01,5357.0,p,
ESTAT:MIGR_IMM1CTZ(1.0),30/03/26 23:00:00,A,TOTAL,COMPLET,TOTAL,NR,T,UK,2014-01-01,631991.0,,
ESTAT:MIGR_IMM1CTZ(1.0),30/03/26 23:00:00,A,TOTAL,COMPLET,TOTAL,NR,T,AT,2015-01-01,166323.0,,
ESTAT:MIGR_IMM1CTZ(1.0),30/03/26 23:00:00,A,TOTAL,COMPLET,TOTAL,NR,T,BE,2015-01-01,146626.0,,
ESTAT:MIGR_IMM1CTZ(1.0),30/03/26 23:00:00,A,TOTAL,COMPLET,TOTAL,NR,T,BG,2015-01-01,25223.0,p,
ESTAT:MIGR_IMM1CTZ(1.0),30/03/26 23:00:00,A,TOTAL,COMPLET,TOTAL,NR,T,CH,2015-01-01,153627.0,,
ESTAT:MIGR_IMM1CTZ(1.0),30/03/26 23:00:00,A,TOTAL,COMPLET,TOTAL,NR,T,CY,2015-01-01,15364.0,,
ESTAT:MIGR_IMM1CTZ(1.0),30/03/26 23:00:00,A,TOTAL,COMPLET,TOTAL,NR,T,CZ,2015-01-01,29602.0,,
ESTAT:MIGR_IMM1CTZ(1.0),30/03/26 23:00:00,A,TOTAL,COMPLET,TOTAL,NR,T,DE,2015-01-01,1595865.0,e,
ESTAT:MIGR_IMM1CTZ(1.0),30/03/26 23:00:00,A,TOTAL,COMPLET,TOTAL,NR,T,DK,2015-01-01,78492.0,,
ESTAT:MIGR_IMM1CTZ(1.0),30/03/26 23:00:00,A,TOTAL,COMPLET,TOTAL,NR,T,EE,2015-01-01,15413.0,b,
ESTAT:MIGR_IMM1CTZ(1.0),30/03/26 23:00:00,A,TOTAL,COMPLET,TOTAL,NR,T,EL,2015-01-01,64446.0,b,
ESTAT:MIGR_IMM1CTZ(1.0),30/03/26 23:00:00,A,TOTAL,COMPLET,TOTAL,NR,T,ES,2015-01-01,342114.0,,
ESTAT:MIGR_IMM1CTZ(1.0),30/03/26 23:00:00,A,TOTAL,COMPLET,TOTAL,NR,T,EU27_2020,2015-01-01,4097244.0,bep,
ESTAT:MIGR_IMM1CTZ(1.0),30/03/26 23:00:00,A,TOTAL,COMPLET,TOTAL,NR,T,FI,2015-01-01,28746.0,,
ESTAT:MIGR_IMM1CTZ(1.0),30/03/26 23:00:00,A,TOTAL,COMPLET,TOTAL,NR,T,FR,2015-01-01,364221.0,,
ESTAT:MIGR_IMM1CTZ(1.0),30/03/26 23:00:00,A,TOTAL,COMPLET,TOTAL,NR,T,HR,2015-01-01,11706.0,,
ESTAT:MIGR_IMM1CTZ(1.0),30/03/26 23:00:00,A,TOTAL,COMPLET,TOTAL,NR,T,HU,2015-01-01,58344.0,,
ESTAT:MIGR_IMM1CTZ(1.0),30/03/26 23:00:00,A,TOTAL,COMPLET,TOTAL,NR,T,IE,2015-01-01,80792.0,,
ESTAT:MIGR_IMM1CTZ(1.0),30/03/26 23:00:00,A,TOTAL,COMPLET,TOTAL,NR,T,IS,2015-01-01,5635.0,,
ESTAT:MIGR_IMM1CTZ(1.0),30/03/26 23:00:00,A,TOTAL,COMPLET,TOTAL,NR,T,IT,2015-01-01,280078.0,,
ESTAT:MIGR_IMM1CTZ(1.0),30/03/26 23:00:00,A,TOTAL,COMPLET,TOTAL,NR,T,LI,2015-01-01,657.0,,
ESTAT:MIGR_IMM1CTZ(1.0),30/03/26 23:00:00,A,TOTAL,COMPLET,TOTAL,NR,T,LT,2015-01-01,31085.0,,
ESTAT:MIGR_IMM1CTZ(1.0),30/03/26 23:00:00,A,TOTAL,COMPLET,TOTAL,NR,T,LU,2015-01-01,23803.0,,
ESTAT:MIGR_IMM1CTZ(1.0),30/03/26 23:00:00,A,TOTAL,COMPLET,TOTAL,NR,T,LV,2015-01-01,9479.0,,
ESTAT:MIGR_IMM1CTZ(1.0),30/03/26 23:00:00,A,TOTAL,COMPLET,TOTAL,NR,T,MD,2015-01-01,105834.0,,
ESTAT:MIGR_IMM1CTZ(1.0),30/03/26 23:00:00,A,TOTAL,COMPLET,TOTAL,NR,T,ME,2015-01-01,4553.0,,
ESTAT:MIGR_IMM1CTZ(1.0),30/03/26 23:00:00,A,TOTAL,COMPLET,TOTAL,NR,T,MK,2015-01-01,1741.0,,
ESTAT:MIGR_IMM1CTZ(1.0),30/03/26 23:00:00,A,TOTAL,COMPLET,TOTAL,NR,T,MT,2015-01-01,18202.0,,
ESTAT:MIGR_IMM1CTZ(1.0),30/03/26 23:00:00,A,TOTAL,COMPLET,TOTAL,NR,T,NL,2015-01-01,166872.0,,
ESTAT:MIGR_IMM1CTZ(1.0),30/03/26 23:00:00,A,TOTAL,COMPLET,TOTAL,NR,T,NO,2015-01-01,60816.0,,
ESTAT:MIGR_IMM1CTZ(1.0),30/03/26 23:00:00,A,TOTAL,COMPLET,TOTAL,NR,T,PL,2015-01-01,218147.0,p,
ESTAT:MIGR_IMM1CTZ(1.0),30/03/26 23:00:00,A,TOTAL,COMPLET,TOTAL,NR,T,PT,2015-01-01,36849.0,,
ESTAT:MIGR_IMM1CTZ(1.0),30/03/26 23:00:00,A,TOTAL,COMPLET,TOTAL,NR,T,RO,2015-01-01,132795.0,e,
ESTAT:MIGR_IMM1CTZ(1.0),30/03/26 23:00:00,A,TOTAL,COMPLET,TOTAL,NR,T,SE,2015-01-01,134240.0,,
ESTAT:MIGR_IMM1CTZ(1.0),30/03/26 23:00:00,A,TOTAL,COMPLET,TOTAL,NR,T,SI,2015-01-01,15420.0,,
ESTAT:MIGR_IMM1CTZ(1.0),30/03/26 23:00:00,A,TOTAL,COMPLET,TOTAL,NR,T,SK,2015-01-01,6997.0,p,
ESTAT:MIGR_IMM1CTZ(1.0),30/03/26 23:00:00,A,TOTAL,COMPLET,TOTAL,NR,T,UK,2015-01-01,631452.0,,
ESTAT:MIGR_IMM1CTZ(1.0),30/03/26 23:00:00,A,TOTAL,COMPLET,TOTAL,NR,T,AT,2016-01-01,129509.0,,
ESTAT:MIGR_IMM1CTZ(1.0),30/03/26 23:00:00,A,TOTAL,COMPLET,TOTAL,NR,T,BE,2016-01-01,123702.0,,
ESTAT:MIGR_IMM1CTZ(1.0),30/03/26 23:00:00,A,TOTAL,COMPLET,TOTAL,NR,T,BG,2016-01-01,21241.0,,
ESTAT:MIGR_IMM1CTZ(1.0),30/03/26 23:00:00,A,TOTAL,COMPLET,TOTAL,NR,T,CH,2016-01-01,149305.0,,
ESTAT:MIGR_IMM1CTZ(1.0),30/03/26 23:00:00,A,TOTAL,COMPLET,TOTAL,NR,T,CY,2016-01-01,18590.0,,
ESTAT:MIGR_IMM1CTZ(1.0),30/03/26 23:00:00,A,TOTAL,COMPLET,TOTAL,NR,T,CZ,2016-01-01,64083.0,,
ESTAT:MIGR_IMM1CTZ(1.0),30/03/26 23:00:00,A,TOTAL,COMPLET,TOTAL,NR,T,DE,2016-01-01,1042484.0,e,
ESTAT:MIGR_IMM1CTZ(1.0),30/03/26 23:00:00,A,TOTAL,COMPLET,TOTAL,NR,T,DK,2016-01-01,74383.0,,
ESTAT:MIGR_IMM1CTZ(1.0),30/03/26 23:00:00,A,TOTAL,COMPLET,TOTAL,NR,T,EE,2016-01-01,14822.0,,
ESTAT:MIGR_IMM1CTZ(1.0),30/03/26 23:00:00,A,TOTAL,COMPLET,TOTAL,NR,T,EL,2016-01-01,116867.0,b,
ESTAT:MIGR_IMM1CTZ(1.0),30/03/26 23:00:00,A,TOTAL,COMPLET,TOTAL,NR,T,ES,2016-01-01,414746.0,,
ESTAT:MIGR_IMM1CTZ(1.0),30/03/26 23:00:00,A,TOTAL,COMPLET,TOTAL,NR,T,EU27_2020,2016-01-01,3735536.0,bep,
ESTAT:MIGR_IMM1CTZ(1.0),30/03/26 23:00:00,A,TOTAL,COMPLET,TOTAL,NR,T,FI,2016-01-01,34905.0,,
ESTAT:MIGR_IMM1CTZ(1.0),30/03/26 23:00:00,A,TOTAL,COMPLET,TOTAL,NR,T,FR,2016-01-01,377709.0,,
ESTAT:MIGR_IMM1CTZ(1.0),30/03/26 23:00:00,A,TOTAL,COMPLET,TOTAL,NR,T,HR,2016-01-01,13985.0,,
ESTAT:MIGR_IMM1CTZ(1.0),30/03/26 23:00:00,A,TOTAL,COMPLET,TOTAL,NR,T,HU,2016-01-01,53618.0,,
ESTAT:MIGR_IMM1CTZ(1.0),30/03/26 23:00:00,A,TOTAL,COMPLET,TOTAL,NR,T,IE,2016-01-01,93378.0,,
ESTAT:MIGR_IMM1CTZ(1.0),30/03/26 23:00:00,A,TOTAL,COMPLET,TOTAL,NR,T,IS,2016-01-01,8710.0,,
ESTAT:MIGR_IMM1CTZ(1.0),30/03/26 23:00:00,A,TOTAL,COMPLET,TOTAL,NR,T,IT,2016-01-01,300823.0,,
ESTAT:MIGR_IMM1CTZ(1.0),30/03/26 23:00:00,A,TOTAL,COMPLET,TOTAL,NR,T,LI,2016-01-01,607.0,,
ESTAT:MIGR_IMM1CTZ(1.0),30/03/26 23:00:00,A,TOTAL,COMPLET,TOTAL,NR,T,LT,2016-01-01,31395.0,,
ESTAT:MIGR_IMM1CTZ(1.0),30/03/26 23:00:00,A,TOTAL,COMPLET,TOTAL,NR,T,LU,2016-01-01,22888.0,,
ESTAT:MIGR_IMM1CTZ(1.0),30/03/26 23:00:00,A,TOTAL,COMPLET,TOTAL,NR,T,LV,2016-01-01,8345.0,,
ESTAT:MIGR_IMM1CTZ(1.0),30/03/26 23:00:00,A,TOTAL,COMPLET,TOTAL,NR,T,MD,2016-01-01,107303.0,,
ESTAT:MIGR_IMM1CTZ(1.0),30/03/26 23:00:00,A,TOTAL,COMPLET,TOTAL,NR,T,ME,2016-01-01,4904.0,,
ESTAT:MIGR_IMM1CTZ(1.0),30/03/26 23:00:00,A,TOTAL,COMPLET,TOTAL,NR,T,MK,2016-01-01,2262.0,,
ESTAT:MIGR_IMM1CTZ(1.0),30/03/26 23:00:00,A,TOTAL,COMPLET,TOTAL,NR,T,MT,2016-01-01,18116.0,,
ESTAT:MIGR_IMM1CTZ(1.0),30/03/26 23:00:00,A,TOTAL,COMPLET,TOTAL,NR,T,NL,2016-01-01,189232.0,,
ESTAT:MIGR_IMM1CTZ(1.0),30/03/26 23:00:00,A,TOTAL,COMPLET,TOTAL,NR,T,NO,2016-01-01,61460.0,,
ESTAT:MIGR_IMM1CTZ(1.0),30/03/26 23:00:00,A,TOTAL,COMPLET,TOTAL,NR,T,PL,2016-01-01,208302.0,ep,
ESTAT:MIGR_IMM1CTZ(1.0),30/03/26 23:00:00,A,TOTAL,COMPLET,TOTAL,NR,T,PT,2016-01-01,37644.0,,
ESTAT:MIGR_IMM1CTZ(1.0),30/03/26 23:00:00,A,TOTAL,COMPLET,TOTAL,NR,T,RO,2016-01-01,137455.0,,
ESTAT:MIGR_IMM1CTZ(1.0),30/03/26 23:00:00,A,TOTAL,COMPLET,TOTAL,NR,T,SE,2016-01-01,163005.0,,
ESTAT:MIGR_IMM1CTZ(1.0),30/03/26 23:00:00,A,TOTAL,COMPLET,TOTAL,NR,T,SI,2016-01-01,16623.0,,
ESTAT:MIGR_IMM1CTZ(1.0),30/03/26 23:00:00,A,TOTAL,COMPLET,TOTAL,NR,T,SK,2016-01-01,7686.0,p,
ESTAT:MIGR_IMM1CTZ(1.0),30/03/26 23:00:00,A,TOTAL,COMPLET,TOTAL,NR,T,UK,2016-01-01,588993.0,,
ESTAT:MIGR_IMM1CTZ(1.0),30/03/26 23:00:00,A,TOTAL,COMPLET,TOTAL,NR,T,AT,2017-01-01,111801.0,,
ESTAT:MIGR_IMM1CTZ(1.0),30/03/26 23:00:00,A,TOTAL,COMPLET,TOTAL,NR,T,BE,2017-01-01,126703.0,,
ESTAT:MIGR_IMM1CTZ(1.0),30/03/26 23:00:00,A,TOTAL,COMPLET,TOTAL,NR,T,BG,2017-01-01,25597.0,p,
ESTAT:MIGR_IMM1CTZ(1.0),30/03/26 23:00:00,A,TOTAL,COMPLET,TOTAL,NR,T,CH,2017-01-01,143377.0,,
ESTAT:MIGR_IMM1CTZ(1.0),30/03/26 23:00:00,A,TOTAL,COMPLET,TOTAL,NR,T,CY,2017-01-01,22458.0,,
ESTAT:MIGR_IMM1CTZ(1.0),30/03/26 23:00:00,A,TOTAL,COMPLET,TOTAL,NR,T,CZ,2017-01-01,51847.0,,
ESTAT:MIGR_IMM1CTZ(1.0),30/03/26 23:00:00,A,TOTAL,COMPLET,TOTAL,NR,T,DE,2017-01-01,900291.0,e,
ESTAT:MIGR_IMM1CTZ(1.0),30/03/26 23:00:00,A,TOTAL,COMPLET,TOTAL,NR,T,DK,2017-01-01,68579.0,,
ESTAT:MIGR_IMM1CTZ(1.0),30/03/26 23:00:00,A,TOTAL,COMPLET,TOTAL,NR,T,EE,2017-01-01,17616.0,,
ESTAT:MIGR_IMM1CTZ(1.0),30/03/26 23:00:00,A,TOTAL,COMPLET,TOTAL,NR,T,EL,2017-01-01,112247.0,,
ESTAT:MIGR_IMM1CTZ(1.0),30/03/26 23:00:00,A,TOTAL,COMPLET,TOTAL,NR,T,ES,2017-01-01,532132.0,,
ESTAT:MIGR_IMM1CTZ(1.0),30/03/26 23:00:00,A,TOTAL,COMPLET,TOTAL,NR,T,EU27_2020,2017-01-01,3766413.0,ep,
ESTAT:MIGR_IMM1CTZ(1.0),30/03/26 23:00:00,A,TOTAL,COMPLET,TOTAL,NR,T,FI,2017-01-01,31797.0,,
ESTAT:MIGR_IMM1CTZ(1.0),30/03/26 23:00:00,A,TOTAL,COMPLET,TOTAL,NR,T,FR,2017-01-01,369621.0,,
ESTAT:MIGR_IMM1CTZ(1.0),30/03/26 23:00:00,A,TOTAL,COMPLET,TOTAL,NR,T,HR,2017-01-01,15553.0,,
ESTAT:MIGR_IMM1CTZ(1.0),30/03/26 23:00:00,A,TOTAL,COMPLET,TOTAL,NR,T,HU,2017-01-01,68070.0,,
ESTAT:MIGR_IMM1CTZ(1.0),30/03/26 23:00:00,A,TOTAL,COMPLET,TOTAL,NR,T,IE,2017-01-01,84743.0,,
ESTAT:MIGR_IMM1CTZ(1.0),30/03/26 23:00:00,A,TOTAL,COMPLET,TOTAL,NR,T,IS,2017-01-01,12116.0,,
ESTAT:MIGR_IMM1CTZ(1.0),30/03/26 23:00:00,A,TOTAL,COMPLET,TOTAL,NR,T,IT,2017-01-01,343440.0,,
ESTAT:MIGR_IMM1CTZ(1.0),30/03/26 23:00:00,A,TOTAL,COMPLET,TOTAL,NR,T,LI,2017-01-01,645.0,,
ESTAT:MIGR_IMM1CTZ(1.0),30/03/26 23:00:00,A,TOTAL,COMPLET,TOTAL,NR,T,LT,2017-01-01,33305.0,,
ESTAT:MIGR_IMM1CTZ(1.0),30/03/26 23:00:00,A,TOTAL,COMPLET,TOTAL,NR,T,LU,2017-01-01,24379.0,,
ESTAT:MIGR_IMM1CTZ(1.0),30/03/26 23:00:00,A,TOTAL,COMPLET,TOTAL,NR,T,LV,2017-01-01,9916.0,,
ESTAT:MIGR_IMM1CTZ(1.0),30/03/26 23:00:00,A,TOTAL,COMPLET,TOTAL,NR,T,MD,2017-01-01,107580.0,,
ESTAT:MIGR_IMM1CTZ(1.0),30/03/26 23:00:00,A,TOTAL,COMPLET,TOTAL,NR,T,ME,2017-01-01,6684.0,,
ESTAT:MIGR_IMM1CTZ(1.0),30/03/26 23:00:00,A,TOTAL,COMPLET,TOTAL,NR,T,MK,2017-01-01,2064.0,,
ESTAT:MIGR_IMM1CTZ(1.0),30/03/26 23:00:00,A,TOTAL,COMPLET,TOTAL,NR,T,MT,2017-01-01,22750.0,,
ESTAT:MIGR_IMM1CTZ(1.0),30/03/26 23:00:00,A,TOTAL,COMPLET,TOTAL,NR,T,NL,2017-01-01,189646.0,,
ESTAT:MIGR_IMM1CTZ(1.0),30/03/26 23:00:00,A,TOTAL,COMPLET,TOTAL,NR,T,NO,2017-01-01,53351.0,,
ESTAT:MIGR_IMM1CTZ(1.0),30/03/26 23:00:00,A,TOTAL,COMPLET,TOTAL,NR,T,PL,2017-01-01,209353.0,ep,
ESTAT:MIGR_IMM1CTZ(1.0),30/03/26 23:00:00,A,TOTAL,COMPLET,TOTAL,NR,T,PT,2017-01-01,46649.0,,
ESTAT:MIGR_IMM1CTZ(1.0),30/03/26 23:00:00,A,TOTAL,COMPLET,TOTAL,NR,T,RO,2017-01-01,177435.0,e,
ESTAT:MIGR_IMM1CTZ(1.0),30/03/26 23:00:00,A,TOTAL,COMPLET,TOTAL,NR,T,SE,2017-01-01,144489.0,,
ESTAT:MIGR_IMM1CTZ(1.0),30/03/26 23:00:00,A,TOTAL,COMPLET,TOTAL,NR,T,SI,2017-01-01,18808.0,,
ESTAT:MIGR_IMM1CTZ(1.0),30/03/26 23:00:00,A,TOTAL,COMPLET,TOTAL,NR,T,SK,2017-01-01,7188.0,p,
ESTAT:MIGR_IMM1CTZ(1.0),30/03/26 23:00:00,A,TOTAL,COMPLET,TOTAL,NR,T,UK,2017-01-01,644209.0,,
ESTAT:MIGR_IMM1CTZ(1.0),30/03/26 23:00:00,A,TOTAL,COMPLET,TOTAL,NR,T,AT,2018-01-01,105633.0,,
ESTAT:MIGR_IMM1CTZ(1.0),30/03/26 23:00:00,A,TOTAL,COMPLET,TOTAL,NR,T,BE,2018-01-01,137860.0,,
ESTAT:MIGR_IMM1CTZ(1.0),30/03/26 23:00:00,A,TOTAL,COMPLET,TOTAL,NR,T,BG,2018-01-01,29559.0,p,
ESTAT:MIGR_IMM1CTZ(1.0),30/03/26 23:00:00,A,TOTAL,COMPLET,TOTAL,NR,T,CH,2018-01-01,144857.0,,
ESTAT:MIGR_IMM1CTZ(1.0),30/03/26 23:00:00,A,TOTAL,COMPLET,TOTAL,NR,T,CY,2018-01-01,25740.0,,
ESTAT:MIGR_IMM1CTZ(1.0),30/03/26 23:00:00,A,TOTAL,COMPLET,TOTAL,NR,T,CZ,2018-01-01,65910.0,,
ESTAT:MIGR_IMM1CTZ(1.0),30/03/26 23:00:00,A,TOTAL,COMPLET,TOTAL,NR,T,DE,2018-01-01,855708.0,e,
ESTAT:MIGR_IMM1CTZ(1.0),30/03/26 23:00:00,A,TOTAL,COMPLET,TOTAL,NR,T,DK,2018-01-01,64669.0,,
ESTAT:MIGR_IMM1CTZ(1.0),30/03/26 23:00:00,A,TOTAL,COMPLET,TOTAL,NR,T,EE,2018-01-01,17547.0,,
ESTAT:MIGR_IMM1CTZ(1.0),30/03/26 23:00:00,A,TOTAL,COMPLET,TOTAL,NR,T,EL,2018-01-01,119489.0,,
ESTAT:MIGR_IMM1CTZ(1.0),30/03/26 23:00:00,A,TOTAL,COMPLET,TOTAL,NR,T,ES,2018-01-01,643684.0,,
ESTAT:MIGR_IMM1CTZ(1.0),30/03/26 23:00:00,A,TOTAL,COMPLET,TOTAL,NR,T,EU27_2020,2018-01-01,3936055.0,ep,
ESTAT:MIGR_IMM1CTZ(1.0),30/03/26 23:00:00,A,TOTAL,COMPLET,TOTAL,NR,T,FI,2018-01-01,31106.0,,
ESTAT:MIGR_IMM1CTZ(1.0),30/03/26 23:00:00,A,TOTAL,COMPLET,TOTAL,NR,T,FR,2018-01-01,387160.0,,
ESTAT:MIGR_IMM1CTZ(1.0),30/03/26 23:00:00,A,TOTAL,COMPLET,TOTAL,NR,T,HR,2018-01-01,26029.0,,
ESTAT:MIGR_IMM1CTZ(1.0),30/03/26 23:00:00,A,TOTAL,COMPLET,TOTAL,NR,T,HU,2018-01-01,82937.0,,
ESTAT:MIGR_IMM1CTZ(1.0),30/03/26 23:00:00,A,TOTAL,COMPLET,TOTAL,NR,T,IE,2018-01-01,105699.0,,
ESTAT:MIGR_IMM1CTZ(1.0),30/03/26 23:00:00,A,TOTAL,COMPLET,TOTAL,NR,T,IS,2018-01-01,11830.0,,
ESTAT:MIGR_IMM1CTZ(1.0),30/03/26 23:00:00,A,TOTAL,COMPLET,TOTAL,NR,T,IT,2018-01-01,332324.0,,
ESTAT:MIGR_IMM1CTZ(1.0),30/03/26 23:00:00,A,TOTAL,COMPLET,TOTAL,NR,T,LI,2018-01-01,649.0,,
ESTAT:MIGR_IMM1CTZ(1.0),30/03/26 23:00:00,A,TOTAL,COMPLET,TOTAL,NR,T,LT,2018-01-01,37420.0,,
ESTAT:MIGR_IMM1CTZ(1.0),30/03/26 23:00:00,A,TOTAL,COMPLET,TOTAL,NR,T,LU,2018-01-01,24644.0,,
ESTAT:MIGR_IMM1CTZ(1.0),30/03/26 23:00:00,A,TOTAL,COMPLET,TOTAL,NR,T,LV,2018-01-01,10909.0,,
ESTAT:MIGR_IMM1CTZ(1.0),30/03/26 23:00:00,A,TOTAL,COMPLET,TOTAL,NR,T,MD,2018-01-01,116739.0,,
ESTAT:MIGR_IMM1CTZ(1.0),30/03/26 23:00:00,A,TOTAL,COMPLET,TOTAL,NR,T,ME,2018-01-01,8643.0,,
ESTAT:MIGR_IMM1CTZ(1.0),30/03/26 23:00:00,A,TOTAL,COMPLET,TOTAL,NR,T,MK,2018-01-01,2053.0,,
ESTAT:MIGR_IMM1CTZ(1.0),30/03/26 23:00:00,A,TOTAL,COMPLET,TOTAL,NR,T,MT,2018-01-01,27394.0,,
ESTAT:MIGR_IMM1CTZ(1.0),30/03/26 23:00:00,A,TOTAL,COMPLET,TOTAL,NR,T,NL,2018-01-01,194306.0,,
ESTAT:MIGR_IMM1CTZ(1.0),30/03/26 23:00:00,A,TOTAL,COMPLET,TOTAL,NR,T,NO,2018-01-01,47864.0,,
ESTAT:MIGR_IMM1CTZ(1.0),30/03/26 23:00:00,A,TOTAL,COMPLET,TOTAL,NR,T,PL,2018-01-01,214083.0,ep,
ESTAT:MIGR_IMM1CTZ(1.0),30/03/26 23:00:00,A,TOTAL,COMPLET,TOTAL,NR,T,PT,2018-01-01,55357.0,,
ESTAT:MIGR_IMM1CTZ(1.0),30/03/26 23:00:00,A,TOTAL,COMPLET,TOTAL,NR,T,RO,2018-01-01,172578.0,e,
ESTAT:MIGR_IMM1CTZ(1.0),30/03/26 23:00:00,A,TOTAL,COMPLET,TOTAL,NR,T,SE,2018-01-01,132602.0,,
ESTAT:MIGR_IMM1CTZ(1.0),30/03/26 23:00:00,A,TOTAL,COMPLET,TOTAL,NR,T,SI,2018-01-01,28455.0,,
ESTAT:MIGR_IMM1CTZ(1.0),30/03/26 23:00:00,A,TOTAL,COMPLET,TOTAL,NR,T,SK,2018-01-01,7253.0,p,
ESTAT:MIGR_IMM1CTZ(1.0),30/03/26 23:00:00,A,TOTAL,COMPLET,TOTAL,NR,T,UK,2018-01-01,603953.0,p,
ESTAT:MIGR_IMM1CTZ(1.0),30/03/26 23:00:00,A,TOTAL,COMPLET,TOTAL,NR,T,AT,2019-01-01,109167.0,,
ESTAT:MIGR_IMM1CTZ(1.0),30/03/26 23:00:00,A,TOTAL,COMPLET,TOTAL,NR,T,BE,2019-01-01,150006.0,,
ESTAT:MIGR_IMM1CTZ(1.0),30/03/26 23:00:00,A,TOTAL,COMPLET,TOTAL,NR,T,BG,2019-01-01,37929.0,p,
ESTAT:MIGR_IMM1CTZ(1.0),30/03/26 23:00:00,A,TOTAL,COMPLET,TOTAL,NR,T,CH,2019-01-01,145129.0,,
ESTAT:MIGR_IMM1CTZ(1.0),30/03/26 23:00:00,A,TOTAL,COMPLET,TOTAL,NR,T,CY,2019-01-01,27553.0,,
ESTAT:MIGR_IMM1CTZ(1.0),30/03/26 23:00:00,A,TOTAL,COMPLET,TOTAL,NR,T,CZ,2019-01-01,105888.0,,
ESTAT:MIGR_IMM1CTZ(1.0),30/03/26 23:00:00,A,TOTAL,COMPLET,TOTAL,NR,T,DE,2019-01-01,834338.0,e,
ESTAT:MIGR_IMM1CTZ(1.0),30/03/26 23:00:00,A,TOTAL,COMPLET,TOTAL,NR,T,DK,2019-01-01,61384.0,,
ESTAT:MIGR_IMM1CTZ(1.0),30/03/26 23:00:00,A,TOTAL,COMPLET,TOTAL,NR,T,EE,2019-01-01,18259.0,,
ESTAT:MIGR_IMM1CTZ(1.0),30/03/26 23:00:00,A,TOTAL,COMPLET,TOTAL,NR,T,EL,2019-01-01,129459.0,,
ESTAT:MIGR_IMM1CTZ(1.0),30/03/26 23:00:00,A,TOTAL,COMPLET,TOTAL,NR,T,ES,2019-01-01,750480.0,,
ESTAT:MIGR_IMM1CTZ(1.0),30/03/26 23:00:00,A,TOTAL,COMPLET,TOTAL,NR,T,EU27_2020,2019-01-01,4206293.0,bep,
ESTAT:MIGR_IMM1CTZ(1.0),30/03/26 23:00:00,A,TOTAL,COMPLET,TOTAL,NR,T,FI,2019-01-01,32758.0,,
ESTAT:MIGR_IMM1CTZ(1.0),30/03/26 23:00:00,A,TOTAL,COMPLET,TOTAL,NR,T,FR,2019-01-01,385596.0,,
ESTAT:MIGR_IMM1CTZ(1.0),30/03/26 23:00:00,A,TOTAL,COMPLET,TOTAL,NR,T,HR,2019-01-01,37726.0,,
ESTAT:MIGR_IMM1CTZ(1.0),30/03/26 23:00:00,A,TOTAL,COMPLET,TOTAL,NR,T,HU,2019-01-01,88581.0,,
ESTAT:MIGR_IMM1CTZ(1.0),30/03/26 23:00:00,A,TOTAL,COMPLET,TOTAL,NR,T,IE,2019-01-01,96321.0,,
ESTAT:MIGR_IMM1CTZ(1.0),30/03/26 23:00:00,A,TOTAL,COMPLET,TOTAL,NR,T,IS,2019-01-01,9872.0,,
ESTAT:MIGR_IMM1CTZ(1.0),30/03/26 23:00:00,A,TOTAL,COMPLET,TOTAL,NR,T,IT,2019-01-01,332778.0,,
ESTAT:MIGR_IMM1CTZ(1.0),30/03/26 23:00:00,A,TOTAL,COMPLET,TOTAL,NR,T,LI,2019-01-01,727.0,,
ESTAT:MIGR_IMM1CTZ(1.0),30/03/26 23:00:00,A,TOTAL,COMPLET,TOTAL,NR,T,LT,2019-01-01,46526.0,,
ESTAT:MIGR_IMM1CTZ(1.0),30/03/26 23:00:00,A,TOTAL,COMPLET,TOTAL,NR,T,LU,2019-01-01,26668.0,,
ESTAT:MIGR_IMM1CTZ(1.0),30/03/26 23:00:00,A,TOTAL,COMPLET,TOTAL,NR,T,LV,2019-01-01,11223.0,,
ESTAT:MIGR_IMM1CTZ(1.0),30/03/26 23:00:00,A,TOTAL,COMPLET,TOTAL,NR,T,MD,2019-01-01,116196.0,,
ESTAT:MIGR_IMM1CTZ(1.0),30/03/26 23:00:00,A,TOTAL,COMPLET,TOTAL,NR,T,ME,2019-01-01,10737.0,,
ESTAT:MIGR_IMM1CTZ(1.0),30/03/26 23:00:00,A,TOTAL,COMPLET,TOTAL,NR,T,MK,2019-01-01,2118.0,,
ESTAT:MIGR_IMM1CTZ(1.0),30/03/26 23:00:00,A,TOTAL,COMPLET,TOTAL,NR,T,MT,2019-01-01,29304.0,,
ESTAT:MIGR_IMM1CTZ(1.0),30/03/26 23:00:00,A,TOTAL,COMPLET,TOTAL,NR,T,NL,2019-01-01,215756.0,,
ESTAT:MIGR_IMM1CTZ(1.0),30/03/26 23:00:00,A,TOTAL,COMPLET,TOTAL,NR,T,NO,2019-01-01,48680.0,,
ESTAT:MIGR_IMM1CTZ(1.0),30/03/26 23:00:00,A,TOTAL,COMPLET,TOTAL,NR,T,PL,2019-01-01,226649.0,ep,
ESTAT:MIGR_IMM1CTZ(1.0),30/03/26 23:00:00,A,TOTAL,COMPLET,TOTAL,NR,T,PT,2019-01-01,95382.0,,
ESTAT:MIGR_IMM1CTZ(1.0),30/03/26 23:00:00,A,TOTAL,COMPLET,TOTAL,NR,T,RO,2019-01-01,202422.0,e,
ESTAT:MIGR_IMM1CTZ(1.0),30/03/26 23:00:00,A,TOTAL,COMPLET,TOTAL,NR,T,SE,2019-01-01,115805.0,,
ESTAT:MIGR_IMM1CTZ(1.0),30/03/26 23:00:00,A,TOTAL,COMPLET,TOTAL,NR,T,SI,2019-01-01,31319.0,,
ESTAT:MIGR_IMM1CTZ(1.0),30/03/26 23:00:00,A,TOTAL,COMPLET,TOTAL,NR,T,SK,2019-01-01,7016.0,p,
ESTAT:MIGR_IMM1CTZ(1.0),30/03/26 23:00:00,A,TOTAL,COMPLET,TOTAL,NR,T,UK,2019-01-01,680906.0,,
ESTAT:MIGR_IMM1CTZ(1.0),30/03/26 23:00:00,A,TOTAL,COMPLET,TOTAL,NR,T,AT,2020-01-01,103565.0,,
ESTAT:MIGR_IMM1CTZ(1.0),30/03/26 23:00:00,A,TOTAL,COMPLET,TOTAL,NR,T,BE,2020-01-01,118683.0,,
ESTAT:MIGR_IMM1CTZ(1.0),30/03/26 23:00:00,A,TOTAL,COMPLET,TOTAL,NR,T,BG,2020-01-01,37364.0,p,
ESTAT:MIGR_IMM1CTZ(1.0),30/03/26 23:00:00,A,TOTAL,COMPLET,TOTAL,NR,T,CH,2020-01-01,138778.0,,
ESTAT:MIGR_IMM1CTZ(1.0),30/03/26 23:00:00,A,TOTAL,COMPLET,TOTAL,NR,T,CY,2020-01-01,22850.0,,
ESTAT:MIGR_IMM1CTZ(1.0),30/03/26 23:00:00,A,TOTAL,COMPLET,TOTAL,NR,T,CZ,2020-01-01,63095.0,,
ESTAT:MIGR_IMM1CTZ(1.0),30/03/26 23:00:00,A,TOTAL,COMPLET,TOTAL,NR,T,DE,2020-01-01,666639.0,e,
ESTAT:MIGR_IMM1CTZ(1.0),30/03/26 23:00:00,A,TOTAL,COMPLET,TOTAL,NR,T,DK,2020-01-01,57230.0,,
ESTAT:MIGR_IMM1CTZ(1.0),30/03/26 23:00:00,A,TOTAL,COMPLET,TOTAL,NR,T,EE,2020-01-01,16209.0,,
ESTAT:MIGR_IMM1CTZ(1.0),30/03/26 23:00:00,A,TOTAL,COMPLET,TOTAL,NR,T,EL,2020-01-01,84221.0,,
ESTAT:MIGR_IMM1CTZ(1.0),30/03/26 23:00:00,A,TOTAL,COMPLET,TOTAL,NR,T,ES,2020-01-01,467918.0,,
ESTAT:MIGR_IMM1CTZ(1.0),30/03/26 23:00:00,A,TOTAL,COMPLET,TOTAL,NR,T,EU27_2020,2020-01-01,3279673.0,ep,
ESTAT:MIGR_IMM1CTZ(1.0),30/03/26 23:00:00,A,TOTAL,COMPLET,TOTAL,NR,T,FI,2020-01-01,32898.0,,
ESTAT:MIGR_IMM1CTZ(1.0),30/03/26 23:00:00,A,TOTAL,COMPLET,TOTAL,NR,T,FR,2020-01-01,331137.0,,
ESTAT:MIGR_IMM1CTZ(1.0),30/03/26 23:00:00,A,TOTAL,COMPLET,TOTAL,NR,T,HR,2020-01-01,33414.0,,
ESTAT:MIGR_IMM1CTZ(1.0),30/03/26 23:00:00,A,TOTAL,COMPLET,TOTAL,NR,T,HU,2020-01-01,75470.0,,
ESTAT:MIGR_IMM1CTZ(1.0),30/03/26 23:00:00,A,TOTAL,COMPLET,TOTAL,NR,T,IE,2020-01-01,81918.0,,
ESTAT:MIGR_IMM1CTZ(1.0),30/03/26 23:00:00,A,TOTAL,COMPLET,TOTAL,NR,T,IS,2020-01-01,8544.0,,
ESTAT:MIGR_IMM1CTZ(1.0),30/03/26 23:00:00,A,TOTAL,COMPLET,TOTAL,NR,T,IT,2020-01-01,247526.0,,
ESTAT:MIGR_IMM1CTZ(1.0),30/03/26 23:00:00,A,TOTAL,COMPLET,TOTAL,NR,T,LI,2020-01-01,713.0,,
ESTAT:MIGR_IMM1CTZ(1.0),30/03/26 23:00:00,A,TOTAL,COMPLET,TOTAL,NR,T,LT,2020-01-01,46020.0,,
ESTAT:MIGR_IMM1CTZ(1.0),30/03/26 23:00:00,A,TOTAL,COMPLET,TOTAL,NR,T,LU,2020-01-01,22490.0,,
ESTAT:MIGR_IMM1CTZ(1.0),30/03/26 23:00:00,A,TOTAL,COMPLET,TOTAL,NR,T,LV,2020-01-01,8840.0,,
ESTAT:MIGR_IMM1CTZ(1.0),30/03/26 23:00:00,A,TOTAL,COMPLET,TOTAL,NR,T,MD,2020-01-01,65167.0,,
ESTAT:MIGR_IMM1CTZ(1.0),30/03/26 23:00:00,A,TOTAL,COMPLET,TOTAL,NR,T,ME,2020-01-01,6008.0,,
ESTAT:MIGR_IMM1CTZ(1.0),30/03/26 23:00:00,A,TOTAL,COMPLET,TOTAL,NR,T,MK,2020-01-01,2555.0,,
ESTAT:MIGR_IMM1CTZ(1.0),30/03/26 23:00:00,A,TOTAL,COMPLET,TOTAL,NR,T,MT,2020-01-01,14751.0,,
ESTAT:MIGR_IMM1CTZ(1.0),30/03/26 23:00:00,A,TOTAL,COMPLET,TOTAL,NR,T,NL,2020-01-01,182244.0,,
ESTAT:MIGR_IMM1CTZ(1.0),30/03/26 23:00:00,A,TOTAL,COMPLET,TOTAL,NR,T,NO,2020-01-01,36287.0,,
ESTAT:MIGR_IMM1CTZ(1.0),30/03/26 23:00:00,A,TOTAL,COMPLET,TOTAL,NR,T,PL,2020-01-01,210615.0,ep,
ESTAT:MIGR_IMM1CTZ(1.0),30/03/26 23:00:00,A,TOTAL,COMPLET,TOTAL,NR,T,PT,2020-01-01,83654.0,,
ESTAT:MIGR_IMM1CTZ(1.0),30/03/26 23:00:00,A,TOTAL,COMPLET,TOTAL,NR,T,RO,2020-01-01,145519.0,e,
ESTAT:MIGR_IMM1CTZ(1.0),30/03/26 23:00:00,A,TOTAL,COMPLET,TOTAL,NR,T,SE,2020-01-01,82518.0,,
ESTAT:MIGR_IMM1CTZ(1.0),30/03/26 23:00:00,A,TOTAL,COMPLET,TOTAL,NR,T,SI,2020-01-01,36110.0,,
ESTAT:MIGR_IMM1CTZ(1.0),30/03/26 23:00:00,A,TOTAL,COMPLET,TOTAL,NR,T,SK,2020-01-01,6775.0,p,
ESTAT:MIGR_IMM1CTZ(1.0),30/03/26 23:00:00,A,TOTAL,COMPLET,TOTAL,NR,T,AT,2021-01-01,118511.0,,
ESTAT:MIGR_IMM1CTZ(1.0),30/03/26 23:00:00,A,TOTAL,COMPLET,TOTAL,NR,T,BE,2021-01-01,139743.0,,
ESTAT:MIGR_IMM1CTZ(1.0),30/03/26 23:00:00,A,TOTAL,COMPLET,TOTAL,NR,T,BG,2021-01-01,39461.0,,
ESTAT:MIGR_IMM1CTZ(1.0),30/03/26 23:00:00,A,TOTAL,COMPLET,TOTAL,NR,T,CH,2021-01-01,144907.0,,
ESTAT:MIGR_IMM1CTZ(1.0),30/03/26 23:00:00,A,TOTAL,COMPLET,TOTAL,NR,T,CY,2021-01-01,25473.0,,
ESTAT:MIGR_IMM1CTZ(1.0),30/03/26 23:00:00,A,TOTAL,COMPLET,TOTAL,NR,T,CZ,2021-01-01,69360.0,,
ESTAT:MIGR_IMM1CTZ(1.0),30/03/26 23:00:00,A,TOTAL,COMPLET,TOTAL,NR,T,DE,2021-01-01,801361.0,e,
ESTAT:MIGR_IMM1CTZ(1.0),30/03/26 23:00:00,A,TOTAL,COMPLET,TOTAL,NR,T,DK,2021-01-01,63489.0,,
ESTAT:MIGR_IMM1CTZ(1.0),30/03/26 23:00:00,A,TOTAL,COMPLET,TOTAL,NR,T,EE,2021-01-01,19524.0,,
ESTAT:MIGR_IMM1CTZ(1.0),30/03/26 23:00:00,A,TOTAL,COMPLET,TOTAL,NR,T,EL,2021-01-01,57120.0,,
ESTAT:MIGR_IMM1CTZ(1.0),30/03/26 23:00:00,A,TOTAL,COMPLET,TOTAL,NR,T,ES,2021-01-01,887960.0,b,
ESTAT:MIGR_IMM1CTZ(1.0),30/03/26 23:00:00,A,TOTAL,COMPLET,TOTAL,NR,T,EU27_2020,2021-01-01,4132213.0,bep,
ESTAT:MIGR_IMM1CTZ(1.0),30/03/26 23:00:00,A,TOTAL,COMPLET,TOTAL,NR,T,FI,2021-01-01,36364.0,,
ESTAT:MIGR_IMM1CTZ(1.0),30/03/26 23:00:00,A,TOTAL,COMPLET,TOTAL,NR,T,FR,2021-01-01,388513.0,,
ESTAT:MIGR_IMM1CTZ(1.0),30/03/26 23:00:00,A,TOTAL,COMPLET,TOTAL,NR,T,HR,2021-01-01,35912.0,,
ESTAT:MIGR_IMM1CTZ(1.0),30/03/26 23:00:00,A,TOTAL,COMPLET,TOTAL,NR,T,HU,2021-01-01,80471.0,,
ESTAT:MIGR_IMM1CTZ(1.0),30/03/26 23:00:00,A,TOTAL,COMPLET,TOTAL,NR,T,IE,2021-01-01,83770.0,,
ESTAT:MIGR_IMM1CTZ(1.0),30/03/26 23:00:00,A,TOTAL,COMPLET,TOTAL,NR,T,IS,2021-01-01,8996.0,,
ESTAT:MIGR_IMM1CTZ(1.0),30/03/26 23:00:00,A,TOTAL,COMPLET,TOTAL,NR,T,IT,2021-01-01,318366.0,,
ESTAT:MIGR_IMM1CTZ(1.0),30/03/26 23:00:00,A,TOTAL,COMPLET,TOTAL,NR,T,LI,2021-01-01,669.0,,
ESTAT:MIGR_IMM1CTZ(1.0),30/03/26 23:00:00,A,TOTAL,COMPLET,TOTAL,NR,T,LT,2021-01-01,44858.0,,
ESTAT:MIGR_IMM1CTZ(1.0),30/03/26 23:00:00,A,TOTAL,COMPLET,TOTAL,NR,T,LU,2021-01-01,25335.0,,
ESTAT:MIGR_IMM1CTZ(1.0),30/03/26 23:00:00,A,TOTAL,COMPLET,TOTAL,NR,T,LV,2021-01-01,12689.0,,
ESTAT:MIGR_IMM1CTZ(1.0),30/03/26 23:00:00,A,TOTAL,COMPLET,TOTAL,NR,T,MD,2021-01-01,68356.0,,
ESTAT:MIGR_IMM1CTZ(1.0),30/03/26 23:00:00,A,TOTAL,COMPLET,TOTAL,NR,T,MK,2021-01-01,1570.0,,
ESTAT:MIGR_IMM1CTZ(1.0),30/03/26 23:00:00,A,TOTAL,COMPLET,TOTAL,NR,T,MT,2021-01-01,16963.0,,
ESTAT:MIGR_IMM1CTZ(1.0),30/03/26 23:00:00,A,TOTAL,COMPLET,TOTAL,NR,T,NL,2021-01-01,214105.0,,
ESTAT:MIGR_IMM1CTZ(1.0),30/03/26 23:00:00,A,TOTAL,COMPLET,TOTAL,NR,T,NO,2021-01-01,53947.0,,
ESTAT:MIGR_IMM1CTZ(1.0),30/03/26 23:00:00,A,TOTAL,COMPLET,TOTAL,NR,T,PL,2021-01-01,241116.0,,
ESTAT:MIGR_IMM1CTZ(1.0),30/03/26 23:00:00,A,TOTAL,COMPLET,TOTAL,NR,T,PT,2021-01-01,97119.0,,
ESTAT:MIGR_IMM1CTZ(1.0),30/03/26 23:00:00,A,TOTAL,COMPLET,TOTAL,NR,T,RO,2021-01-01,194642.0,,
ESTAT:MIGR_IMM1CTZ(1.0),30/03/26 23:00:00,A,TOTAL,COMPLET,TOTAL,NR,T,SE,2021-01-01,90631.0,,
ESTAT:MIGR_IMM1CTZ(1.0),30/03/26 23:00:00,A,TOTAL,COMPLET,TOTAL,NR,T,SI,2021-01-01,23624.0,,
ESTAT:MIGR_IMM1CTZ(1.0),30/03/26 23:00:00,A,TOTAL,COMPLET,TOTAL,NR,T,SK,2021-01-01,5733.0,,
ESTAT:MIGR_IMM1CTZ(1.0),30/03/26 23:00:00,A,TOTAL,COMPLET,TOTAL,NR,T,AT,2022-01-01,201622.0,,
ESTAT:MIGR_IMM1CTZ(1.0),30/03/26 23:00:00,A,TOTAL,COMPLET,TOTAL,NR,T,BE,2022-01-01,208356.0,,
ESTAT:MIGR_IMM1CTZ(1.0),30/03/26 23:00:00,A,TOTAL,COMPLET,TOTAL,NR,T,BG,2022-01-01,40619.0,,
ESTAT:MIGR_IMM1CTZ(1.0),30/03/26 23:00:00,A,TOTAL,COMPLET,TOTAL,NR,T,CH,2022-01-01,167079.0,,
ESTAT:MIGR_IMM1CTZ(1.0),30/03/26 23:00:00,A,TOTAL,COMPLET,TOTAL,NR,T,CY,2022-01-01,37558.0,,
ESTAT:MIGR_IMM1CTZ(1.0),30/03/26 23:00:00,A,TOTAL,COMPLET,TOTAL,NR,T,CZ,2022-01-01,347429.0,,
ESTAT:MIGR_IMM1CTZ(1.0),30/03/26 23:00:00,A,TOTAL,COMPLET,TOTAL,NR,T,DE,2022-01-01,1977121.0,e,
ESTAT:MIGR_IMM1CTZ(1.0),30/03/26 23:00:00,A,TOTAL,COMPLET,TOTAL,NR,T,DK,2022-01-01,121183.0,,
ESTAT:MIGR_IMM1CTZ(1.0),30/03/26 23:00:00,A,TOTAL,COMPLET,TOTAL,NR,T,EE,2022-01-01,49414.0,,
ESTAT:MIGR_IMM1CTZ(1.0),30/03/26 23:00:00,A,TOTAL,COMPLET,TOTAL,NR,T,EL,2022-01-01,95374.0,,
ESTAT:MIGR_IMM1CTZ(1.0),30/03/26 23:00:00,A,TOTAL,COMPLET,TOTAL,NR,T,ES,2022-01-01,1258894.0,,
ESTAT:MIGR_IMM1CTZ(1.0),30/03/26 23:00:00,A,TOTAL,COMPLET,TOTAL,NR,T,EU27_2020,2022-01-01,6997284.0,ep,
ESTAT:MIGR_IMM1CTZ(1.0),30/03/26 23:00:00,A,TOTAL,COMPLET,TOTAL,NR,T,FI,2022-01-01,49998.0,,
ESTAT:MIGR_IMM1CTZ(1.0),30/03/26 23:00:00,A,TOTAL,COMPLET,TOTAL,NR,T,FR,2022-01-01,490655.0,p,
ESTAT:MIGR_IMM1CTZ(1.0),30/03/26 23:00:00,A,TOTAL,COMPLET,TOTAL,NR,T,HR,2022-01-01,57972.0,,
ESTAT:MIGR_IMM1CTZ(1.0),30/03/26 23:00:00,A,TOTAL,COMPLET,TOTAL,NR,T,HU,2022-01-01,94148.0,,
ESTAT:MIGR_IMM1CTZ(1.0),30/03/26 23:00:00,A,TOTAL,COMPLET,TOTAL,NR,T,IE,2022-01-01,157537.0,,
ESTAT:MIGR_IMM1CTZ(1.0),30/03/26 23:00:00,A,TOTAL,COMPLET,TOTAL,NR,T,IS,2022-01-01,14878.0,,
ESTAT:MIGR_IMM1CTZ(1.0),30/03/26 23:00:00,A,TOTAL,COMPLET,TOTAL,NR,T,IT,2022-01-01,410985.0,,
ESTAT:MIGR_IMM1CTZ(1.0),30/03/26 23:00:00,A,TOTAL,COMPLET,TOTAL,NR,T,LI,2022-01-01,770.0,,
ESTAT:MIGR_IMM1CTZ(1.0),30/03/26 23:00:00,A,TOTAL,COMPLET,TOTAL,NR,T,LT,2022-01-01,87367.0,,
ESTAT:MIGR_IMM1CTZ(1.0),30/03/26 23:00:00,A,TOTAL,COMPLET,TOTAL,NR,T,LU,2022-01-01,31433.0,,
ESTAT:MIGR_IMM1CTZ(1.0),30/03/26 23:00:00,A,TOTAL,COMPLET,TOTAL,NR,T,LV,2022-01-01,38708.0,,
ESTAT:MIGR_IMM1CTZ(1.0),30/03/26 23:00:00,A,TOTAL,COMPLET,TOTAL,NR,T,MD,2022-01-01,177875.0,,
ESTAT:MIGR_IMM1CTZ(1.0),30/03/26 23:00:00,A,TOTAL,COMPLET,TOTAL,NR,T,ME,2022-01-01,15989.0,,
ESTAT:MIGR_IMM1CTZ(1.0),30/03/26 23:00:00,A,TOTAL,COMPLET,TOTAL,NR,T,MK,2022-01-01,2452.0,,
ESTAT:MIGR_IMM1CTZ(1.0),30/03/26 23:00:00,A,TOTAL,COMPLET,TOTAL,NR,T,MT,2022-01-01,34964.0,,
ESTAT:MIGR_IMM1CTZ(1.0),30/03/26 23:00:00,A,TOTAL,COMPLET,TOTAL,NR,T,NL,2022-01-01,326798.0,,
ESTAT:MIGR_IMM1CTZ(1.0),30/03/26 23:00:00,A,TOTAL,COMPLET,TOTAL,NR,T,NO,2022-01-01,90475.0,,
ESTAT:MIGR_IMM1CTZ(1.0),30/03/26 23:00:00,A,TOTAL,COMPLET,TOTAL,NR,T,PL,2022-01-01,275515.0,p,
ESTAT:MIGR_IMM1CTZ(1.0),30/03/26 23:00:00,A,TOTAL,COMPLET,TOTAL,NR,T,PT,2022-01-01,167098.0,,
ESTAT:MIGR_IMM1CTZ(1.0),30/03/26 23:00:00,A,TOTAL,COMPLET,TOTAL,NR,T,RO,2022-01-01,293024.0,e,
ESTAT:MIGR_IMM1CTZ(1.0),30/03/26 23:00:00,A,TOTAL,COMPLET,TOTAL,NR,T,SE,2022-01-01,102436.0,,
ESTAT:MIGR_IMM1CTZ(1.0),30/03/26 23:00:00,A,TOTAL,COMPLET,TOTAL,NR,T,SI,2022-01-01,35613.0,,
ESTAT:MIGR_IMM1CTZ(1.0),30/03/26 23:00:00,A,TOTAL,COMPLET,TOTAL,NR,T,SK,2022-01-01,5463.0,,
ESTAT:MIGR_IMM1CTZ(1.0),30/03/26 23:00:00,A,TOTAL,COMPLET,TOTAL,NR,T,AT,2023-01-01,147591.0,,
ESTAT:MIGR_IMM1CTZ(1.0),30/03/26 23:00:00,A,TOTAL,COMPLET,TOTAL,NR,T,BE,2023-01-01,169609.0,,
ESTAT:MIGR_IMM1CTZ(1.0),30/03/26 23:00:00,A,TOTAL,COMPLET,TOTAL,NR,T,BG,2023-01-01,56807.0,,
ESTAT:MIGR_IMM1CTZ(1.0),30/03/26 23:00:00,A,TOTAL,COMPLET,TOTAL,NR,T,CH,2023-01-01,263081.0,,
ESTAT:MIGR_IMM1CTZ(1.0),30/03/26 23:00:00,A,TOTAL,COMPLET,TOTAL,NR,T,CY,2023-01-01,40761.0,,
ESTAT:MIGR_IMM1CTZ(1.0),30/03/26 23:00:00,A,TOTAL,COMPLET,TOTAL,NR,T,CZ,2023-01-01,142149.0,,
ESTAT:MIGR_IMM1CTZ(1.0),30/03/26 23:00:00,A,TOTAL,COMPLET,TOTAL,NR,T,DE,2023-01-01,1303251.0,e,
ESTAT:MIGR_IMM1CTZ(1.0),30/03/26 23:00:00,A,TOTAL,COMPLET,TOTAL,NR,T,DK,2023-01-01,98344.0,,
ESTAT:MIGR_IMM1CTZ(1.0),30/03/26 23:00:00,A,TOTAL,COMPLET,TOTAL,NR,T,EE,2023-01-01,26399.0,,
ESTAT:MIGR_IMM1CTZ(1.0),30/03/26 23:00:00,A,TOTAL,COMPLET,TOTAL,NR,T,EL,2023-01-01,116591.0,,
ESTAT:MIGR_IMM1CTZ(1.0),30/03/26 23:00:00,A,TOTAL,COMPLET,TOTAL,NR,T,ES,2023-01-01,1250991.0,,
ESTAT:MIGR_IMM1CTZ(1.0),30/03/26 23:00:00,A,TOTAL,COMPLET,TOTAL,NR,T,EU27_2020,2023-01-01,6011360.0,ep,
ESTAT:MIGR_IMM1CTZ(1.0),30/03/26 23:00:00,A,TOTAL,COMPLET,TOTAL,NR,T,FI,2023-01-01,73236.0,,
ESTAT:MIGR_IMM1CTZ(1.0),30/03/26 23:00:00,A,TOTAL,COMPLET,TOTAL,NR,T,FR,2023-01-01,467548.0,p,
ESTAT:MIGR_IMM1CTZ(1.0),30/03/26 23:00:00,A,TOTAL,COMPLET,TOTAL,NR,T,HR,2023-01-01,69396.0,,
ESTAT:MIGR_IMM1CTZ(1.0),30/03/26 23:00:00,A,TOTAL,COMPLET,TOTAL,NR,T,HU,2023-01-01,96192.0,,
ESTAT:MIGR_IMM1CTZ(1.0),30/03/26 23:00:00,A,TOTAL,COMPLET,TOTAL,NR,T,IE,2023-01-01,135617.0,,
ESTAT:MIGR_IMM1CTZ(1.0),30/03/26 23:00:00,A,TOTAL,COMPLET,TOTAL,NR,T,IS,2023-01-01,11235.0,,
ESTAT:MIGR_IMM1CTZ(1.0),30/03/26 23:00:00,A,TOTAL,COMPLET,TOTAL,NR,T,IT,2023-01-01,439658.0,,
ESTAT:MIGR_IMM1CTZ(1.0),30/03/26 23:00:00,A,TOTAL,COMPLET,TOTAL,NR,T,LI,2023-01-01,716.0,,
ESTAT:MIGR_IMM1CTZ(1.0),30/03/26 23:00:00,A,TOTAL,COMPLET,TOTAL,NR,T,LT,2023-01-01,66682.0,,
ESTAT:MIGR_IMM1CTZ(1.0),30/03/26 23:00:00,A,TOTAL,COMPLET,TOTAL,NR,T,LU,2023-01-01,26964.0,,
ESTAT:MIGR_IMM1CTZ(1.0),30/03/26 23:00:00,A,TOTAL,COMPLET,TOTAL,NR,T,LV,2023-01-01,15629.0,,
ESTAT:MIGR_IMM1CTZ(1.0),30/03/26 23:00:00,A,TOTAL,COMPLET,TOTAL,NR,T,MD,2023-01-01,97517.0,,
ESTAT:MIGR_IMM1CTZ(1.0),30/03/26 23:00:00,A,TOTAL,COMPLET,TOTAL,NR,T,ME,2023-01-01,18316.0,,
ESTAT:MIGR_IMM1CTZ(1.0),30/03/26 23:00:00,A,TOTAL,COMPLET,TOTAL,NR,T,MT,2023-01-01,42239.0,,
ESTAT:MIGR_IMM1CTZ(1.0),30/03/26 23:00:00,A,TOTAL,COMPLET,TOTAL,NR,T,NL,2023-01-01,274597.0,,
ESTAT:MIGR_IMM1CTZ(1.0),30/03/26 23:00:00,A,TOTAL,COMPLET,TOTAL,NR,T,NO,2023-01-01,86589.0,,
ESTAT:MIGR_IMM1CTZ(1.0),30/03/26 23:00:00,A,TOTAL,COMPLET,TOTAL,NR,T,PL,2023-01-01,303275.0,p,
ESTAT:MIGR_IMM1CTZ(1.0),30/03/26 23:00:00,A,TOTAL,COMPLET,TOTAL,NR,T,PT,2023-01-01,189367.0,,
ESTAT:MIGR_IMM1CTZ(1.0),30/03/26 23:00:00,A,TOTAL,COMPLET,TOTAL,NR,T,RO,2023-01-01,324091.0,,
ESTAT:MIGR_IMM1CTZ(1.0),30/03/26 23:00:00,A,TOTAL,COMPLET,TOTAL,NR,T,SE,2023-01-01,94514.0,,
ESTAT:MIGR_IMM1CTZ(1.0),30/03/26 23:00:00,A,TOTAL,COMPLET,TOTAL,NR,T,SI,2023-01-01,33939.0,,
ESTAT:MIGR_IMM1CTZ(1.0),30/03/26 23:00:00,A,TOTAL,COMPLET,TOTAL,NR,T,SK,2023-01-01,5923.0,,
ESTAT:MIGR_IMM1CTZ(1.0),30/03/26 23:00:00,A,TOTAL,COMPLET,TOTAL,NR,T,AT,2024-01-01,128805.0,,
ESTAT:MIGR_IMM1CTZ(1.0),30/03/26 23:00:00,A,TOTAL,COMPLET,TOTAL,NR,T,BE,2024-01-01,162926.0,,
ESTAT:MIGR_IMM1CTZ(1.0),30/03/26 23:00:00,A,TOTAL,COMPLET,TOTAL,NR,T,BG,2024-01-01,52189.0,,
ESTAT:MIGR_IMM1CTZ(1.0),30/03/26 23:00:00,A,TOTAL,COMPLET,TOTAL,NR,T,CH,2024-01-01,212578.0,,
ESTAT:MIGR_IMM1CTZ(1.0),30/03/26 23:00:00,A,TOTAL,COMPLET,TOTAL,NR,T,CY,2024-01-01,40471.0,,
ESTAT:MIGR_IMM1CTZ(1.0),30/03/26 23:00:00,A,TOTAL,COMPLET,TOTAL,NR,T,CZ,2024-01-01,123910.0,,
ESTAT:MIGR_IMM1CTZ(1.0),30/03/26 23:00:00,A,TOTAL,COMPLET,TOTAL,NR,T,DE,2024-01-01,1078504.0,e,
ESTAT:MIGR_IMM1CTZ(1.0),30/03/26 23:00:00,A,TOTAL,COMPLET,TOTAL,NR,T,DK,2024-01-01,101724.0,,
ESTAT:MIGR_IMM1CTZ(1.0),30/03/26 23:00:00,A,TOTAL,COMPLET,TOTAL,NR,T,EE,2024-01-01,18634.0,,
ESTAT:MIGR_IMM1CTZ(1.0),30/03/26 23:00:00,A,TOTAL,COMPLET,TOTAL,NR,T,EL,2024-01-01,132149.0,,
ESTAT:MIGR_IMM1CTZ(1.0),30/03/26 23:00:00,A,TOTAL,COMPLET,TOTAL,NR,T,ES,2024-01-01,1288562.0,,
ESTAT:MIGR_IMM1CTZ(1.0),30/03/26 23:00:00,A,TOTAL,COMPLET,TOTAL,NR,T,EU27_2020,2024-01-01,5684984.0,ip,
ESTAT:MIGR_IMM1CTZ(1.0),30/03/26 23:00:00,A,TOTAL,COMPLET,TOTAL,NR,T,FI,2024-01-01,63965.0,,
ESTAT:MIGR_IMM1CTZ(1.0),30/03/26 23:00:00,A,TOTAL,COMPLET,TOTAL,NR,T,FR,2024-01-01,438626.0,p,
ESTAT:MIGR_IMM1CTZ(1.0),30/03/26 23:00:00,A,TOTAL,COMPLET,TOTAL,NR,T,HR,2024-01-01,70391.0,,
ESTAT:MIGR_IMM1CTZ(1.0),30/03/26 23:00:00,A,TOTAL,COMPLET,TOTAL,NR,T,HU,2024-01-01,88418.0,,
ESTAT:MIGR_IMM1CTZ(1.0),30/03/26 23:00:00,A,TOTAL,COMPLET,TOTAL,NR,T,IE,2024-01-01,127664.0,,
ESTAT:MIGR_IMM1CTZ(1.0),30/03/26 23:00:00,A,TOTAL,COMPLET,TOTAL,NR,T,IS,2024-01-01,9946.0,,
ESTAT:MIGR_IMM1CTZ(1.0),30/03/26 23:00:00,A,TOTAL,COMPLET,TOTAL,NR,T,IT,2024-01-01,451583.0,,
ESTAT:MIGR_IMM1CTZ(1.0),30/03/26 23:00:00,A,TOTAL,COMPLET,TOTAL,NR,T,LI,2024-01-01,1300.0,,
ESTAT:MIGR_IMM1CTZ(1.0),30/03/26 23:00:00,A,TOTAL,COMPLET,TOTAL,NR,T,LT,2024-01-01,51845.0,,
ESTAT:MIGR_IMM1CTZ(1.0),30/03/26 23:00:00,A,TOTAL,COMPLET,TOTAL,NR,T,LU,2024-01-01,25725.0,,
ESTAT:MIGR_IMM1CTZ(1.0),30/03/26 23:00:00,A,TOTAL,COMPLET,TOTAL,NR,T,LV,2024-01-01,14701.0,,
ESTAT:MIGR_IMM1CTZ(1.0),30/03/26 23:00:00,A,TOTAL,COMPLET,TOTAL,NR,T,ME,2024-01-01,20016.0,,
ESTAT:MIGR_IMM1CTZ(1.0),30/03/26 23:00:00,A,TOTAL,COMPLET,TOTAL,NR,T,MK,2024-01-01,7458.0,,
ESTAT:MIGR_IMM1CTZ(1.0),30/03/26 23:00:00,A,TOTAL,COMPLET,TOTAL,NR,T,MT,2024-01-01,34033.0,,
ESTAT:MIGR_IMM1CTZ(1.0),30/03/26 23:00:00,A,TOTAL,COMPLET,TOTAL,NR,T,NL,2024-01-01,257714.0,,
ESTAT:MIGR_IMM1CTZ(1.0),30/03/26 23:00:00,A,TOTAL,COMPLET,TOTAL,NR,T,NO,2024-01-01,66077.0,,
ESTAT:MIGR_IMM1CTZ(1.0),30/03/26 23:00:00,A,TOTAL,COMPLET,TOTAL,NR,T,PL,2024-01-01,300496.0,e,
ESTAT:MIGR_IMM1CTZ(1.0),30/03/26 23:00:00,A,TOTAL,COMPLET,TOTAL,NR,T,RO,2024-01-01,286538.0,,
ESTAT:MIGR_IMM1CTZ(1.0),30/03/26 23:00:00,A,TOTAL,COMPLET,TOTAL,NR,T,SE,2024-01-01,116197.0,,
ESTAT:MIGR_IMM1CTZ(1.0),30/03/26 23:00:00,A,TOTAL,COMPLET,TOTAL,NR,T,SI,2024-01-01,33023.0,,
ESTAT:MIGR_IMM1CTZ(1.0),30/03/26 23:00:00,A,TOTAL,COMPLET,TOTAL,NR,T,SK,2024-01-01,6824.0,,
