DATAFLOW,LAST UPDATE,freq,citizen,unit,geo,TIME_PERIOD,OBS_VALUE,OBS_FLAG,CONF_STATUS
ESTAT:MIGR_ASYCTZ(1.0),12/01/26 11:00:00,A,TOTAL,PER,AT,1985-01-01,6725.0,,
ESTAT:MIGR_ASYCTZ(1.0),12/01/26 11:00:00,A,TOTAL,PER,BE,1985-01-01,5385.0,,
ESTAT:MIGR_ASYCTZ(1.0),12/01/26 11:00:00,A,TOTAL,PER,DE,1985-01-01,73830.0,,
ESTAT:MIGR_ASYCTZ(1.0),12/01/26 11:00:00,A,TOTAL,PER,DK,1985-01-01,8700.0,,
ESTAT:MIGR_ASYCTZ(1.0),12/01/26 11:00:00,A,TOTAL,PER,EL,1985-01-01,1400.0,,
ESTAT:MIGR_ASYCTZ(1.0),12/01/26 11:00:00,A,TOTAL,PER,ES,1985-01-01,2300.0,,
ESTAT:MIGR_ASYCTZ(1.0),12/01/26 11:00:00,A,TOTAL,PER,FI,1985-01-01,20.0,,
ESTAT:MIGR_ASYCTZ(1.0),12/01/26 11:00:00,A,TOTAL,PER,FR,1985-01-01,28925.0,,
ESTAT:MIGR_ASYCTZ(1.0),12/01/26 11:00:00,A,TOTAL,PER,IT,1985-01-01,5400.0,,
ESTAT:MIGR_ASYCTZ(1.0),12/01/26 11:00:00,A,TOTAL,PER,LU,1985-01-01,80.0,,
ESTAT:MIGR_ASYCTZ(1.0),12/01/26 11:00:00,A,TOTAL,PER,NL,1985-01-01,5645.0,,
ESTAT:MIGR_ASYCTZ(1.0),12/01/26 11:00:00,A,TOTAL,PER,NO,1985-01-01,830.0,,
ESTAT:MIGR_ASYCTZ(1.0),12/01/26 11:00:00,A,TOTAL,PER,PT,1985-01-01,70.0,,
ESTAT:MIGR_ASYCTZ(1.0),12/01/26 11:00:00,A,TOTAL,PER,SE,1985-01-01,14500.0,,
ESTAT:MIGR_ASYCTZ(1.0),12/01/26 11:00:00,A,TOTAL,PER,UK,1985-01-01,6200.0,,
ESTAT:MIGR_ASYCTZ(1.0),12/01/26 11:00:00,A,TOTAL,PER,AT,1986-01-01,8640.0,,
ESTAT:MIGR_ASYCTZ(1.0),12/01/26 11:00:00,A,TOTAL,PER,BE,1986-01-01,7645.0,,
ESTAT:MIGR_ASYCTZ(1.0),12/01/26 11:00:00,A,TOTAL,PER,CH,1986-01-01,8195.0,,
ESTAT:MIGR_ASYCTZ(1.0),12/01/26 11:00:00,A,TOTAL,PER,DE,1986-01-01,99650.0,,
ESTAT:MIGR_ASYCTZ(1.0),12/01/26 11:00:00,A,TOTAL,PER,DK,1986-01-01,9300.0,,
ESTAT:MIGR_ASYCTZ(1.0),12/01/26 11:00:00,A,TOTAL,PER,EL,1986-01-01,4300.0,,
ESTAT:MIGR_ASYCTZ(1.0),12/01/26 11:00:00,A,TOTAL,PER,ES,1986-01-01,2300.0,,
ESTAT:MIGR_ASYCTZ(1.0),12/01/26 11:00:00,A,TOTAL,PER,FI,1986-01-01,25.0,,
ESTAT:MIGR_ASYCTZ(1.0),12/01/26 11:00:00,A,TOTAL,PER,FR,1986-01-01,26290.0,,
ESTAT:MIGR_ASYCTZ(1.0),12/01/26 11:00:00,A,TOTAL,PER,IT,1986-01-01,6500.0,,
ESTAT:MIGR_ASYCTZ(1.0),12/01/26 11:00:00,A,TOTAL,PER,LU,1986-01-01,90.0,,
ESTAT:MIGR_ASYCTZ(1.0),12/01/26 11:00:00,A,TOTAL,PER,NL,1986-01-01,5865.0,,
ESTAT:MIGR_ASYCTZ(1.0),12/01/26 11:00:00,A,TOTAL,PER,NO,1986-01-01,2720.0,,
ESTAT:MIGR_ASYCTZ(1.0),12/01/26 11:00:00,A,TOTAL,PER,PT,1986-01-01,120.0,,
ESTAT:MIGR_ASYCTZ(1.0),12/01/26 11:00:00,A,TOTAL,PER,SE,1986-01-01,14600.0,,
ESTAT:MIGR_ASYCTZ(1.0),12/01/26 11:00:00,A,TOTAL,PER,UK,1986-01-01,5700.0,,
ESTAT:MIGR_ASYCTZ(1.0),12/01/26 11:00:00,A,TOTAL,PER,AT,1987-01-01,11405.0,,
ESTAT:MIGR_ASYCTZ(1.0),12/01/26 11:00:00,A,TOTAL,PER,BE,1987-01-01,5975.0,,
ESTAT:MIGR_ASYCTZ(1.0),12/01/26 11:00:00,A,TOTAL,PER,CH,1987-01-01,10680.0,,
ESTAT:MIGR_ASYCTZ(1.0),12/01/26 11:00:00,A,TOTAL,PER,DE,1987-01-01,57380.0,,
ESTAT:MIGR_ASYCTZ(1.0),12/01/26 11:00:00,A,TOTAL,PER,DK,1987-01-01,2725.0,,
ESTAT:MIGR_ASYCTZ(1.0),12/01/26 11:00:00,A,TOTAL,PER,EL,1987-01-01,6300.0,,
ESTAT:MIGR_ASYCTZ(1.0),12/01/26 11:00:00,A,TOTAL,PER,ES,1987-01-01,2500.0,,
ESTAT:MIGR_ASYCTZ(1.0),12/01/26 11:00:00,A,TOTAL,PER,FI,1987-01-01,50.0,,
ESTAT:MIGR_ASYCTZ(1.0),12/01/26 11:00:00,A,TOTAL,PER,FR,1987-01-01,27670.0,,
ESTAT:MIGR_ASYCTZ(1.0),12/01/26 11:00:00,A,TOTAL,PER,IE,1987-01-01,50.0,,
ESTAT:MIGR_ASYCTZ(1.0),12/01/26 11:00:00,A,TOTAL,PER,IS,1987-01-01,5.0,,
ESTAT:MIGR_ASYCTZ(1.0),12/01/26 11:00:00,A,TOTAL,PER,IT,1987-01-01,11000.0,,
ESTAT:MIGR_ASYCTZ(1.0),12/01/26 11:00:00,A,TOTAL,PER,LU,1987-01-01,100.0,,
ESTAT:MIGR_ASYCTZ(1.0),12/01/26 11:00:00,A,TOTAL,PER,NL,1987-01-01,13460.0,,
ESTAT:MIGR_ASYCTZ(1.0),12/01/26 11:00:00,A,TOTAL,PER,NO,1987-01-01,8615.0,,
ESTAT:MIGR_ASYCTZ(1.0),12/01/26 11:00:00,A,TOTAL,PER,PT,1987-01-01,180.0,,
ESTAT:MIGR_ASYCTZ(1.0),12/01/26 11:00:00,A,TOTAL,PER,SE,1987-01-01,18115.0,,
ESTAT:MIGR_ASYCTZ(1.0),12/01/26 11:00:00,A,TOTAL,PER,UK,1987-01-01,5865.0,,
ESTAT:MIGR_ASYCTZ(1.0),12/01/26 11:00:00,A,TOTAL,PER,AT,1988-01-01,15790.0,,
ESTAT:MIGR_ASYCTZ(1.0),12/01/26 11:00:00,A,TOTAL,PER,BE,1988-01-01,4510.0,,
ESTAT:MIGR_ASYCTZ(1.0),12/01/26 11:00:00,A,TOTAL,PER,CH,1988-01-01,16220.0,,
ESTAT:MIGR_ASYCTZ(1.0),12/01/26 11:00:00,A,TOTAL,PER,DE,1988-01-01,103075.0,,
ESTAT:MIGR_ASYCTZ(1.0),12/01/26 11:00:00,A,TOTAL,PER,DK,1988-01-01,4670.0,,
ESTAT:MIGR_ASYCTZ(1.0),12/01/26 11:00:00,A,TOTAL,PER,EL,1988-01-01,9300.0,,
ESTAT:MIGR_ASYCTZ(1.0),12/01/26 11:00:00,A,TOTAL,PER,ES,1988-01-01,4515.0,,
ESTAT:MIGR_ASYCTZ(1.0),12/01/26 11:00:00,A,TOTAL,PER,FI,1988-01-01,65.0,,
ESTAT:MIGR_ASYCTZ(1.0),12/01/26 11:00:00,A,TOTAL,PER,FR,1988-01-01,34350.0,,
ESTAT:MIGR_ASYCTZ(1.0),12/01/26 11:00:00,A,TOTAL,PER,IE,1988-01-01,50.0,,
ESTAT:MIGR_ASYCTZ(1.0),12/01/26 11:00:00,A,TOTAL,PER,IT,1988-01-01,1300.0,,
ESTAT:MIGR_ASYCTZ(1.0),12/01/26 11:00:00,A,TOTAL,PER,LU,1988-01-01,45.0,,
ESTAT:MIGR_ASYCTZ(1.0),12/01/26 11:00:00,A,TOTAL,PER,NL,1988-01-01,7485.0,,
ESTAT:MIGR_ASYCTZ(1.0),12/01/26 11:00:00,A,TOTAL,PER,NO,1988-01-01,6600.0,,
ESTAT:MIGR_ASYCTZ(1.0),12/01/26 11:00:00,A,TOTAL,PER,PT,1988-01-01,250.0,,
ESTAT:MIGR_ASYCTZ(1.0),12/01/26 11:00:00,A,TOTAL,PER,SE,1988-01-01,19595.0,,
ESTAT:MIGR_ASYCTZ(1.0),12/01/26 11:00:00,A,TOTAL,PER,UK,1988-01-01,5740.0,,
ESTAT:MIGR_ASYCTZ(1.0),12/01/26 11:00:00,A,TOTAL,PER,AT,1989-01-01,21880.0,,
ESTAT:MIGR_ASYCTZ(1.0),12/01/26 11:00:00,A,TOTAL,PER,BE,1989-01-01,8190.0,,
ESTAT:MIGR_ASYCTZ(1.0),12/01/26 11:00:00,A,TOTAL,PER,CH,1989-01-01,24110.0,,
ESTAT:MIGR_ASYCTZ(1.0),12/01/26 11:00:00,A,TOTAL,PER,DE,1989-01-01,121320.0,,
ESTAT:MIGR_ASYCTZ(1.0),12/01/26 11:00:00,A,TOTAL,PER,DK,1989-01-01,4590.0,,
ESTAT:MIGR_ASYCTZ(1.0),12/01/26 11:00:00,A,TOTAL,PER,EL,1989-01-01,6500.0,,
ESTAT:MIGR_ASYCTZ(1.0),12/01/26 11:00:00,A,TOTAL,PER,ES,1989-01-01,4075.0,,
ESTAT:MIGR_ASYCTZ(1.0),12/01/26 11:00:00,A,TOTAL,PER,FI,1989-01-01,180.0,,
ESTAT:MIGR_ASYCTZ(1.0),12/01/26 11:00:00,A,TOTAL,PER,FR,1989-01-01,61420.0,,
ESTAT:MIGR_ASYCTZ(1.0),12/01/26 11:00:00,A,TOTAL,PER,IE,1989-01-01,40.0,,
ESTAT:MIGR_ASYCTZ(1.0),12/01/26 11:00:00,A,TOTAL,PER,IS,1989-01-01,10.0,,
ESTAT:MIGR_ASYCTZ(1.0),12/01/26 11:00:00,A,TOTAL,PER,IT,1989-01-01,2240.0,,
ESTAT:MIGR_ASYCTZ(1.0),12/01/26 11:00:00,A,TOTAL,PER,LU,1989-01-01,85.0,,
ESTAT:MIGR_ASYCTZ(1.0),12/01/26 11:00:00,A,TOTAL,PER,NL,1989-01-01,13900.0,,
ESTAT:MIGR_ASYCTZ(1.0),12/01/26 11:00:00,A,TOTAL,PER,NO,1989-01-01,4435.0,,
ESTAT:MIGR_ASYCTZ(1.0),12/01/26 11:00:00,A,TOTAL,PER,PT,1989-01-01,115.0,,
ESTAT:MIGR_ASYCTZ(1.0),12/01/26 11:00:00,A,TOTAL,PER,SE,1989-01-01,30335.0,,
ESTAT:MIGR_ASYCTZ(1.0),12/01/26 11:00:00,A,TOTAL,PER,UK,1989-01-01,16775.0,,
ESTAT:MIGR_ASYCTZ(1.0),12/01/26 11:00:00,A,TOTAL,PER,AT,1990-01-01,22790.0,,
ESTAT:MIGR_ASYCTZ(1.0),12/01/26 11:00:00,A,TOTAL,PER,BE,1990-01-01,12945.0,,
ESTAT:MIGR_ASYCTZ(1.0),12/01/26 11:00:00,A,TOTAL,PER,CH,1990-01-01,35565.0,,
ESTAT:MIGR_ASYCTZ(1.0),12/01/26 11:00:00,A,TOTAL,PER,DE,1990-01-01,193065.0,,
ESTAT:MIGR_ASYCTZ(1.0),12/01/26 11:00:00,A,TOTAL,PER,DK,1990-01-01,5290.0,,
ESTAT:MIGR_ASYCTZ(1.0),12/01/26 11:00:00,A,TOTAL,PER,EL,1990-01-01,4100.0,,
ESTAT:MIGR_ASYCTZ(1.0),12/01/26 11:00:00,A,TOTAL,PER,ES,1990-01-01,8645.0,,
ESTAT:MIGR_ASYCTZ(1.0),12/01/26 11:00:00,A,TOTAL,PER,FI,1990-01-01,2745.0,,
ESTAT:MIGR_ASYCTZ(1.0),12/01/26 11:00:00,A,TOTAL,PER,FR,1990-01-01,54815.0,,
ESTAT:MIGR_ASYCTZ(1.0),12/01/26 11:00:00,A,TOTAL,PER,IE,1990-01-01,60.0,,
ESTAT:MIGR_ASYCTZ(1.0),12/01/26 11:00:00,A,TOTAL,PER,IS,1990-01-01,5.0,,
ESTAT:MIGR_ASYCTZ(1.0),12/01/26 11:00:00,A,TOTAL,PER,IT,1990-01-01,3570.0,,
ESTAT:MIGR_ASYCTZ(1.0),12/01/26 11:00:00,A,TOTAL,PER,LU,1990-01-01,115.0,,
ESTAT:MIGR_ASYCTZ(1.0),12/01/26 11:00:00,A,TOTAL,PER,NL,1990-01-01,21210.0,,
ESTAT:MIGR_ASYCTZ(1.0),12/01/26 11:00:00,A,TOTAL,PER,NO,1990-01-01,3960.0,,
ESTAT:MIGR_ASYCTZ(1.0),12/01/26 11:00:00,A,TOTAL,PER,PT,1990-01-01,60.0,,
ESTAT:MIGR_ASYCTZ(1.0),12/01/26 11:00:00,A,TOTAL,PER,SE,1990-01-01,29420.0,,
ESTAT:MIGR_ASYCTZ(1.0),12/01/26 11:00:00,A,TOTAL,PER,UK,1990-01-01,38200.0,,
ESTAT:MIGR_ASYCTZ(1.0),12/01/26 11:00:00,A,TOTAL,PER,AT,1991-01-01,27305.0,,
ESTAT:MIGR_ASYCTZ(1.0),12/01/26 11:00:00,A,TOTAL,PER,BE,1991-01-01,15445.0,,
ESTAT:MIGR_ASYCTZ(1.0),12/01/26 11:00:00,A,TOTAL,PER,CH,1991-01-01,41240.0,,
ESTAT:MIGR_ASYCTZ(1.0),12/01/26 11:00:00,A,TOTAL,PER,DE,1991-01-01,256110.0,,
ESTAT:MIGR_ASYCTZ(1.0),12/01/26 11:00:00,A,TOTAL,PER,DK,1991-01-01,4610.0,,
ESTAT:MIGR_ASYCTZ(1.0),12/01/26 11:00:00,A,TOTAL,PER,EL,1991-01-01,2700.0,,
ESTAT:MIGR_ASYCTZ(1.0),12/01/26 11:00:00,A,TOTAL,PER,ES,1991-01-01,8140.0,,
ESTAT:MIGR_ASYCTZ(1.0),12/01/26 11:00:00,A,TOTAL,PER,FI,1991-01-01,2135.0,,
ESTAT:MIGR_ASYCTZ(1.0),12/01/26 11:00:00,A,TOTAL,PER,FR,1991-01-01,47380.0,,
ESTAT:MIGR_ASYCTZ(1.0),12/01/26 11:00:00,A,TOTAL,PER,IE,1991-01-01,30.0,,
ESTAT:MIGR_ASYCTZ(1.0),12/01/26 11:00:00,A,TOTAL,PER,IS,1991-01-01,20.0,,
ESTAT:MIGR_ASYCTZ(1.0),12/01/26 11:00:00,A,TOTAL,PER,IT,1991-01-01,24490.0,,
ESTAT:MIGR_ASYCTZ(1.0),12/01/26 11:00:00,A,TOTAL,PER,LU,1991-01-01,240.0,,
ESTAT:MIGR_ASYCTZ(1.0),12/01/26 11:00:00,A,TOTAL,PER,NL,1991-01-01,21615.0,,
ESTAT:MIGR_ASYCTZ(1.0),12/01/26 11:00:00,A,TOTAL,PER,NO,1991-01-01,4570.0,,
ESTAT:MIGR_ASYCTZ(1.0),12/01/26 11:00:00,A,TOTAL,PER,PT,1991-01-01,235.0,,
ESTAT:MIGR_ASYCTZ(1.0),12/01/26 11:00:00,A,TOTAL,PER,RO,1991-01-01,315.0,,
ESTAT:MIGR_ASYCTZ(1.0),12/01/26 11:00:00,A,TOTAL,PER,SE,1991-01-01,27350.0,,
ESTAT:MIGR_ASYCTZ(1.0),12/01/26 11:00:00,A,TOTAL,PER,UK,1991-01-01,73400.0,,
ESTAT:MIGR_ASYCTZ(1.0),12/01/26 11:00:00,A,TOTAL,PER,AT,1992-01-01,16240.0,,
ESTAT:MIGR_ASYCTZ(1.0),12/01/26 11:00:00,A,TOTAL,PER,BE,1992-01-01,17675.0,,
ESTAT:MIGR_ASYCTZ(1.0),12/01/26 11:00:00,A,TOTAL,PER,CH,1992-01-01,18935.0,,
ESTAT:MIGR_ASYCTZ(1.0),12/01/26 11:00:00,A,TOTAL,PER,DE,1992-01-01,438190.0,,
ESTAT:MIGR_ASYCTZ(1.0),12/01/26 11:00:00,A,TOTAL,PER,DK,1992-01-01,13885.0,,
ESTAT:MIGR_ASYCTZ(1.0),12/01/26 11:00:00,A,TOTAL,PER,EL,1992-01-01,2110.0,,
ESTAT:MIGR_ASYCTZ(1.0),12/01/26 11:00:00,A,TOTAL,PER,ES,1992-01-01,11710.0,,
ESTAT:MIGR_ASYCTZ(1.0),12/01/26 11:00:00,A,TOTAL,PER,FI,1992-01-01,3635.0,,
ESTAT:MIGR_ASYCTZ(1.0),12/01/26 11:00:00,A,TOTAL,PER,FR,1992-01-01,28870.0,,
ESTAT:MIGR_ASYCTZ(1.0),12/01/26 11:00:00,A,TOTAL,PER,IE,1992-01-01,40.0,,
ESTAT:MIGR_ASYCTZ(1.0),12/01/26 11:00:00,A,TOTAL,PER,IS,1992-01-01,15.0,,
ESTAT:MIGR_ASYCTZ(1.0),12/01/26 11:00:00,A,TOTAL,PER,IT,1992-01-01,2590.0,,
ESTAT:MIGR_ASYCTZ(1.0),12/01/26 11:00:00,A,TOTAL,PER,LU,1992-01-01,120.0,,
ESTAT:MIGR_ASYCTZ(1.0),12/01/26 11:00:00,A,TOTAL,PER,NL,1992-01-01,20345.0,,
ESTAT:MIGR_ASYCTZ(1.0),12/01/26 11:00:00,A,TOTAL,PER,NO,1992-01-01,5240.0,,
ESTAT:MIGR_ASYCTZ(1.0),12/01/26 11:00:00,A,TOTAL,PER,PT,1992-01-01,655.0,,
ESTAT:MIGR_ASYCTZ(1.0),12/01/26 11:00:00,A,TOTAL,PER,RO,1992-01-01,425.0,,
ESTAT:MIGR_ASYCTZ(1.0),12/01/26 11:00:00,A,TOTAL,PER,SE,1992-01-01,84020.0,,
ESTAT:MIGR_ASYCTZ(1.0),12/01/26 11:00:00,A,TOTAL,PER,SK,1992-01-01,85.0,,
ESTAT:MIGR_ASYCTZ(1.0),12/01/26 11:00:00,A,TOTAL,PER,UK,1992-01-01,32300.0,,
ESTAT:MIGR_ASYCTZ(1.0),12/01/26 11:00:00,A,TOTAL,PER,AT,1993-01-01,4745.0,,
ESTAT:MIGR_ASYCTZ(1.0),12/01/26 11:00:00,A,TOTAL,PER,BE,1993-01-01,26715.0,,
ESTAT:MIGR_ASYCTZ(1.0),12/01/26 11:00:00,A,TOTAL,PER,CH,1993-01-01,25235.0,,
ESTAT:MIGR_ASYCTZ(1.0),12/01/26 11:00:00,A,TOTAL,PER,DE,1993-01-01,322600.0,,
ESTAT:MIGR_ASYCTZ(1.0),12/01/26 11:00:00,A,TOTAL,PER,DK,1993-01-01,14345.0,,
ESTAT:MIGR_ASYCTZ(1.0),12/01/26 11:00:00,A,TOTAL,PER,EL,1993-01-01,860.0,,
ESTAT:MIGR_ASYCTZ(1.0),12/01/26 11:00:00,A,TOTAL,PER,ES,1993-01-01,12645.0,,
ESTAT:MIGR_ASYCTZ(1.0),12/01/26 11:00:00,A,TOTAL,PER,FI,1993-01-01,2025.0,,
ESTAT:MIGR_ASYCTZ(1.0),12/01/26 11:00:00,A,TOTAL,PER,FR,1993-01-01,27565.0,,
ESTAT:MIGR_ASYCTZ(1.0),12/01/26 11:00:00,A,TOTAL,PER,IE,1993-01-01,90.0,,
ESTAT:MIGR_ASYCTZ(1.0),12/01/26 11:00:00,A,TOTAL,PER,IS,1993-01-01,0.0,,
ESTAT:MIGR_ASYCTZ(1.0),12/01/26 11:00:00,A,TOTAL,PER,IT,1993-01-01,1320.0,,
ESTAT:MIGR_ASYCTZ(1.0),12/01/26 11:00:00,A,TOTAL,PER,LU,1993-01-01,225.0,,
ESTAT:MIGR_ASYCTZ(1.0),12/01/26 11:00:00,A,TOTAL,PER,NL,1993-01-01,35400.0,,
ESTAT:MIGR_ASYCTZ(1.0),12/01/26 11:00:00,A,TOTAL,PER,NO,1993-01-01,12875.0,,
ESTAT:MIGR_ASYCTZ(1.0),12/01/26 11:00:00,A,TOTAL,PER,PT,1993-01-01,2090.0,,
ESTAT:MIGR_ASYCTZ(1.0),12/01/26 11:00:00,A,TOTAL,PER,RO,1993-01-01,930.0,,
ESTAT:MIGR_ASYCTZ(1.0),12/01/26 11:00:00,A,TOTAL,PER,SE,1993-01-01,37580.0,,
ESTAT:MIGR_ASYCTZ(1.0),12/01/26 11:00:00,A,TOTAL,PER,SK,1993-01-01,95.0,,
ESTAT:MIGR_ASYCTZ(1.0),12/01/26 11:00:00,A,TOTAL,PER,UK,1993-01-01,28500.0,,
ESTAT:MIGR_ASYCTZ(1.0),12/01/26 11:00:00,A,TOTAL,PER,AT,1994-01-01,5080.0,,
ESTAT:MIGR_ASYCTZ(1.0),12/01/26 11:00:00,A,TOTAL,PER,BE,1994-01-01,14340.0,,
ESTAT:MIGR_ASYCTZ(1.0),12/01/26 11:00:00,A,TOTAL,PER,CH,1994-01-01,15930.0,,
ESTAT:MIGR_ASYCTZ(1.0),12/01/26 11:00:00,A,TOTAL,PER,DE,1994-01-01,127210.0,,
ESTAT:MIGR_ASYCTZ(1.0),12/01/26 11:00:00,A,TOTAL,PER,DK,1994-01-01,6650.0,,
ESTAT:MIGR_ASYCTZ(1.0),12/01/26 11:00:00,A,TOTAL,PER,EL,1994-01-01,1105.0,,
ESTAT:MIGR_ASYCTZ(1.0),12/01/26 11:00:00,A,TOTAL,PER,ES,1994-01-01,11990.0,,
ESTAT:MIGR_ASYCTZ(1.0),12/01/26 11:00:00,A,TOTAL,PER,FI,1994-01-01,835.0,,
ESTAT:MIGR_ASYCTZ(1.0),12/01/26 11:00:00,A,TOTAL,PER,FR,1994-01-01,25960.0,,
ESTAT:MIGR_ASYCTZ(1.0),12/01/26 11:00:00,A,TOTAL,PER,IE,1994-01-01,360.0,,
ESTAT:MIGR_ASYCTZ(1.0),12/01/26 11:00:00,A,TOTAL,PER,IT,1994-01-01,1830.0,,
ESTAT:MIGR_ASYCTZ(1.0),12/01/26 11:00:00,A,TOTAL,PER,LU,1994-01-01,260.0,,
ESTAT:MIGR_ASYCTZ(1.0),12/01/26 11:00:00,A,TOTAL,PER,NL,1994-01-01,52575.0,,
ESTAT:MIGR_ASYCTZ(1.0),12/01/26 11:00:00,A,TOTAL,PER,NO,1994-01-01,3380.0,,
ESTAT:MIGR_ASYCTZ(1.0),12/01/26 11:00:00,A,TOTAL,PER,PL,1994-01-01,600.0,,
ESTAT:MIGR_ASYCTZ(1.0),12/01/26 11:00:00,A,TOTAL,PER,PT,1994-01-01,615.0,,
ESTAT:MIGR_ASYCTZ(1.0),12/01/26 11:00:00,A,TOTAL,PER,RO,1994-01-01,645.0,,
ESTAT:MIGR_ASYCTZ(1.0),12/01/26 11:00:00,A,TOTAL,PER,SE,1994-01-01,18640.0,,
ESTAT:MIGR_ASYCTZ(1.0),12/01/26 11:00:00,A,TOTAL,PER,SI,1994-01-01,30.0,,
ESTAT:MIGR_ASYCTZ(1.0),12/01/26 11:00:00,A,TOTAL,PER,SK,1994-01-01,140.0,,
ESTAT:MIGR_ASYCTZ(1.0),12/01/26 11:00:00,A,TOTAL,PER,UK,1994-01-01,32830.0,,
ESTAT:MIGR_ASYCTZ(1.0),12/01/26 11:00:00,A,TOTAL,PER,AT,1995-01-01,5920.0,,
ESTAT:MIGR_ASYCTZ(1.0),12/01/26 11:00:00,A,TOTAL,PER,BE,1995-01-01,11410.0,,
ESTAT:MIGR_ASYCTZ(1.0),12/01/26 11:00:00,A,TOTAL,PER,CH,1995-01-01,17160.0,,
ESTAT:MIGR_ASYCTZ(1.0),12/01/26 11:00:00,A,TOTAL,PER,DE,1995-01-01,127935.0,,
ESTAT:MIGR_ASYCTZ(1.0),12/01/26 11:00:00,A,TOTAL,PER,DK,1995-01-01,5105.0,,
ESTAT:MIGR_ASYCTZ(1.0),12/01/26 11:00:00,A,TOTAL,PER,EL,1995-01-01,1280.0,,
ESTAT:MIGR_ASYCTZ(1.0),12/01/26 11:00:00,A,TOTAL,PER,ES,1995-01-01,5680.0,,
ESTAT:MIGR_ASYCTZ(1.0),12/01/26 11:00:00,A,TOTAL,PER,FI,1995-01-01,850.0,,
ESTAT:MIGR_ASYCTZ(1.0),12/01/26 11:00:00,A,TOTAL,PER,FR,1995-01-01,20415.0,,
ESTAT:MIGR_ASYCTZ(1.0),12/01/26 11:00:00,A,TOTAL,PER,IE,1995-01-01,420.0,,
ESTAT:MIGR_ASYCTZ(1.0),12/01/26 11:00:00,A,TOTAL,PER,IT,1995-01-01,1760.0,,
ESTAT:MIGR_ASYCTZ(1.0),12/01/26 11:00:00,A,TOTAL,PER,LU,1995-01-01,280.0,,
ESTAT:MIGR_ASYCTZ(1.0),12/01/26 11:00:00,A,TOTAL,PER,NL,1995-01-01,29260.0,,
ESTAT:MIGR_ASYCTZ(1.0),12/01/26 11:00:00,A,TOTAL,PER,NO,1995-01-01,1460.0,,
ESTAT:MIGR_ASYCTZ(1.0),12/01/26 11:00:00,A,TOTAL,PER,PL,1995-01-01,840.0,,
ESTAT:MIGR_ASYCTZ(1.0),12/01/26 11:00:00,A,TOTAL,PER,PT,1995-01-01,330.0,,
ESTAT:MIGR_ASYCTZ(1.0),12/01/26 11:00:00,A,TOTAL,PER,RO,1995-01-01,635.0,,
ESTAT:MIGR_ASYCTZ(1.0),12/01/26 11:00:00,A,TOTAL,PER,SE,1995-01-01,9045.0,,
ESTAT:MIGR_ASYCTZ(1.0),12/01/26 11:00:00,A,TOTAL,PER,SI,1995-01-01,35.0,,
ESTAT:MIGR_ASYCTZ(1.0),12/01/26 11:00:00,A,TOTAL,PER,SK,1995-01-01,360.0,,
ESTAT:MIGR_ASYCTZ(1.0),12/01/26 11:00:00,A,TOTAL,PER,UK,1995-01-01,43965.0,,
ESTAT:MIGR_ASYCTZ(1.0),12/01/26 11:00:00,A,TOTAL,PER,AT,1996-01-01,6990.0,,
ESTAT:MIGR_ASYCTZ(1.0),12/01/26 11:00:00,A,TOTAL,PER,BE,1996-01-01,12435.0,,
ESTAT:MIGR_ASYCTZ(1.0),12/01/26 11:00:00,A,TOTAL,PER,CH,1996-01-01,18415.0,,
ESTAT:MIGR_ASYCTZ(1.0),12/01/26 11:00:00,A,TOTAL,PER,DE,1996-01-01,117335.0,,
ESTAT:MIGR_ASYCTZ(1.0),12/01/26 11:00:00,A,TOTAL,PER,DK,1996-01-01,5895.0,,
ESTAT:MIGR_ASYCTZ(1.0),12/01/26 11:00:00,A,TOTAL,PER,EL,1996-01-01,1640.0,,
ESTAT:MIGR_ASYCTZ(1.0),12/01/26 11:00:00,A,TOTAL,PER,ES,1996-01-01,4730.0,,
ESTAT:MIGR_ASYCTZ(1.0),12/01/26 11:00:00,A,TOTAL,PER,FI,1996-01-01,710.0,,
ESTAT:MIGR_ASYCTZ(1.0),12/01/26 11:00:00,A,TOTAL,PER,FR,1996-01-01,17405.0,,
ESTAT:MIGR_ASYCTZ(1.0),12/01/26 11:00:00,A,TOTAL,PER,HU,1996-01-01,1260.0,,
ESTAT:MIGR_ASYCTZ(1.0),12/01/26 11:00:00,A,TOTAL,PER,IE,1996-01-01,1180.0,,
ESTAT:MIGR_ASYCTZ(1.0),12/01/26 11:00:00,A,TOTAL,PER,IT,1996-01-01,680.0,,
ESTAT:MIGR_ASYCTZ(1.0),12/01/26 11:00:00,A,TOTAL,PER,LU,1996-01-01,265.0,,
ESTAT:MIGR_ASYCTZ(1.0),12/01/26 11:00:00,A,TOTAL,PER,NL,1996-01-01,22855.0,,
ESTAT:MIGR_ASYCTZ(1.0),12/01/26 11:00:00,A,TOTAL,PER,NO,1996-01-01,1780.0,,
ESTAT:MIGR_ASYCTZ(1.0),12/01/26 11:00:00,A,TOTAL,PER,PL,1996-01-01,600.0,,
ESTAT:MIGR_ASYCTZ(1.0),12/01/26 11:00:00,A,TOTAL,PER,PT,1996-01-01,270.0,,
ESTAT:MIGR_ASYCTZ(1.0),12/01/26 11:00:00,A,TOTAL,PER,RO,1996-01-01,585.0,,
ESTAT:MIGR_ASYCTZ(1.0),12/01/26 11:00:00,A,TOTAL,PER,SE,1996-01-01,5775.0,,
ESTAT:MIGR_ASYCTZ(1.0),12/01/26 11:00:00,A,TOTAL,PER,SI,1996-01-01,35.0,,
ESTAT:MIGR_ASYCTZ(1.0),12/01/26 11:00:00,A,TOTAL,PER,SK,1996-01-01,415.0,,
ESTAT:MIGR_ASYCTZ(1.0),12/01/26 11:00:00,A,TOTAL,PER,UK,1996-01-01,29640.0,,
ESTAT:MIGR_ASYCTZ(1.0),12/01/26 11:00:00,A,TOTAL,PER,AT,1997-01-01,6720.0,,
ESTAT:MIGR_ASYCTZ(1.0),12/01/26 11:00:00,A,TOTAL,PER,BE,1997-01-01,11790.0,,
ESTAT:MIGR_ASYCTZ(1.0),12/01/26 11:00:00,A,TOTAL,PER,BG,1997-01-01,370.0,,
ESTAT:MIGR_ASYCTZ(1.0),12/01/26 11:00:00,A,TOTAL,PER,CH,1997-01-01,23795.0,,
ESTAT:MIGR_ASYCTZ(1.0),12/01/26 11:00:00,A,TOTAL,PER,CZ,1997-01-01,2110.0,,
ESTAT:MIGR_ASYCTZ(1.0),12/01/26 11:00:00,A,TOTAL,PER,DE,1997-01-01,104355.0,,
ESTAT:MIGR_ASYCTZ(1.0),12/01/26 11:00:00,A,TOTAL,PER,DK,1997-01-01,5100.0,,
ESTAT:MIGR_ASYCTZ(1.0),12/01/26 11:00:00,A,TOTAL,PER,EE,1997-01-01,0.0,,
ESTAT:MIGR_ASYCTZ(1.0),12/01/26 11:00:00,A,TOTAL,PER,EL,1997-01-01,4375.0,,
ESTAT:MIGR_ASYCTZ(1.0),12/01/26 11:00:00,A,TOTAL,PER,ES,1997-01-01,4975.0,,
ESTAT:MIGR_ASYCTZ(1.0),12/01/26 11:00:00,A,TOTAL,PER,FI,1997-01-01,970.0,,
ESTAT:MIGR_ASYCTZ(1.0),12/01/26 11:00:00,A,TOTAL,PER,FR,1997-01-01,21415.0,,
ESTAT:MIGR_ASYCTZ(1.0),12/01/26 11:00:00,A,TOTAL,PER,IE,1997-01-01,3880.0,,
ESTAT:MIGR_ASYCTZ(1.0),12/01/26 11:00:00,A,TOTAL,PER,IT,1997-01-01,1890.0,,
ESTAT:MIGR_ASYCTZ(1.0),12/01/26 11:00:00,A,TOTAL,PER,LT,1997-01-01,240.0,,
ESTAT:MIGR_ASYCTZ(1.0),12/01/26 11:00:00,A,TOTAL,PER,LU,1997-01-01,435.0,,
ESTAT:MIGR_ASYCTZ(1.0),12/01/26 11:00:00,A,TOTAL,PER,MT,1997-01-01,70.0,,
ESTAT:MIGR_ASYCTZ(1.0),12/01/26 11:00:00,A,TOTAL,PER,NL,1997-01-01,34445.0,,
ESTAT:MIGR_ASYCTZ(1.0),12/01/26 11:00:00,A,TOTAL,PER,NO,1997-01-01,2270.0,,
ESTAT:MIGR_ASYCTZ(1.0),12/01/26 11:00:00,A,TOTAL,PER,PL,1997-01-01,3580.0,,
ESTAT:MIGR_ASYCTZ(1.0),12/01/26 11:00:00,A,TOTAL,PER,PT,1997-01-01,250.0,,
ESTAT:MIGR_ASYCTZ(1.0),12/01/26 11:00:00,A,TOTAL,PER,RO,1997-01-01,1425.0,,
ESTAT:MIGR_ASYCTZ(1.0),12/01/26 11:00:00,A,TOTAL,PER,SE,1997-01-01,9680.0,,
ESTAT:MIGR_ASYCTZ(1.0),12/01/26 11:00:00,A,TOTAL,PER,SI,1997-01-01,70.0,,
ESTAT:MIGR_ASYCTZ(1.0),12/01/26 11:00:00,A,TOTAL,PER,SK,1997-01-01,645.0,,
ESTAT:MIGR_ASYCTZ(1.0),12/01/26 11:00:00,A,TOTAL,PER,UK,1997-01-01,32500.0,,
ESTAT:MIGR_ASYCTZ(1.0),12/01/26 11:00:00,A,TOTAL,PER,AT,1998-01-01,13805.0,,
ESTAT:MIGR_ASYCTZ(1.0),12/01/26 11:00:00,A,TOTAL,PER,BE,1998-01-01,21965.0,,
ESTAT:MIGR_ASYCTZ(1.0),12/01/26 11:00:00,A,TOTAL,PER,BG,1998-01-01,835.0,,
ESTAT:MIGR_ASYCTZ(1.0),12/01/26 11:00:00,A,TOTAL,PER,CH,1998-01-01,39885.0,,
ESTAT:MIGR_ASYCTZ(1.0),12/01/26 11:00:00,A,TOTAL,PER,CY,1998-01-01,225.0,,
ESTAT:MIGR_ASYCTZ(1.0),12/01/26 11:00:00,A,TOTAL,PER,CZ,1998-01-01,4085.0,,
ESTAT:MIGR_ASYCTZ(1.0),12/01/26 11:00:00,A,TOTAL,PER,DE,1998-01-01,98645.0,,
ESTAT:MIGR_ASYCTZ(1.0),12/01/26 11:00:00,A,TOTAL,PER,DK,1998-01-01,5700.0,,
ESTAT:MIGR_ASYCTZ(1.0),12/01/26 11:00:00,A,TOTAL,PER,EE,1998-01-01,25.0,,
ESTAT:MIGR_ASYCTZ(1.0),12/01/26 11:00:00,A,TOTAL,PER,EL,1998-01-01,2950.0,,
ESTAT:MIGR_ASYCTZ(1.0),12/01/26 11:00:00,A,TOTAL,PER,ES,1998-01-01,4935.0,,
ESTAT:MIGR_ASYCTZ(1.0),12/01/26 11:00:00,A,TOTAL,PER,FI,1998-01-01,1270.0,,
ESTAT:MIGR_ASYCTZ(1.0),12/01/26 11:00:00,A,TOTAL,PER,FR,1998-01-01,22375.0,,
ESTAT:MIGR_ASYCTZ(1.0),12/01/26 11:00:00,A,TOTAL,PER,HU,1998-01-01,7120.0,,
ESTAT:MIGR_ASYCTZ(1.0),12/01/26 11:00:00,A,TOTAL,PER,IE,1998-01-01,4625.0,,
ESTAT:MIGR_ASYCTZ(1.0),12/01/26 11:00:00,A,TOTAL,PER,IT,1998-01-01,13100.0,,
ESTAT:MIGR_ASYCTZ(1.0),12/01/26 11:00:00,A,TOTAL,PER,LT,1998-01-01,160.0,,
ESTAT:MIGR_ASYCTZ(1.0),12/01/26 11:00:00,A,TOTAL,PER,LU,1998-01-01,1710.0,,
ESTAT:MIGR_ASYCTZ(1.0),12/01/26 11:00:00,A,TOTAL,PER,LV,1998-01-01,35.0,,
ESTAT:MIGR_ASYCTZ(1.0),12/01/26 11:00:00,A,TOTAL,PER,MT,1998-01-01,160.0,,
ESTAT:MIGR_ASYCTZ(1.0),12/01/26 11:00:00,A,TOTAL,PER,NL,1998-01-01,45215.0,,
ESTAT:MIGR_ASYCTZ(1.0),12/01/26 11:00:00,A,TOTAL,PER,NO,1998-01-01,8375.0,,
ESTAT:MIGR_ASYCTZ(1.0),12/01/26 11:00:00,A,TOTAL,PER,PL,1998-01-01,3425.0,,
ESTAT:MIGR_ASYCTZ(1.0),12/01/26 11:00:00,A,TOTAL,PER,PT,1998-01-01,355.0,,
ESTAT:MIGR_ASYCTZ(1.0),12/01/26 11:00:00,A,TOTAL,PER,RO,1998-01-01,1235.0,,
ESTAT:MIGR_ASYCTZ(1.0),12/01/26 11:00:00,A,TOTAL,PER,SE,1998-01-01,12840.0,,
ESTAT:MIGR_ASYCTZ(1.0),12/01/26 11:00:00,A,TOTAL,PER,SI,1998-01-01,335.0,,
ESTAT:MIGR_ASYCTZ(1.0),12/01/26 11:00:00,A,TOTAL,PER,SK,1998-01-01,505.0,,
ESTAT:MIGR_ASYCTZ(1.0),12/01/26 11:00:00,A,TOTAL,PER,UK,1998-01-01,46015.0,,
ESTAT:MIGR_ASYCTZ(1.0),12/01/26 11:00:00,A,TOTAL,PER,AT,1999-01-01,20130.0,,
ESTAT:MIGR_ASYCTZ(1.0),12/01/26 11:00:00,A,TOTAL,PER,BE,1999-01-01,35780.0,,
ESTAT:MIGR_ASYCTZ(1.0),12/01/26 11:00:00,A,TOTAL,PER,BG,1999-01-01,1350.0,,
ESTAT:MIGR_ASYCTZ(1.0),12/01/26 11:00:00,A,TOTAL,PER,CH,1999-01-01,44510.0,,
ESTAT:MIGR_ASYCTZ(1.0),12/01/26 11:00:00,A,TOTAL,PER,CY,1999-01-01,790.0,,
ESTAT:MIGR_ASYCTZ(1.0),12/01/26 11:00:00,A,TOTAL,PER,CZ,1999-01-01,7355.0,,
ESTAT:MIGR_ASYCTZ(1.0),12/01/26 11:00:00,A,TOTAL,PER,DE,1999-01-01,94775.0,,
ESTAT:MIGR_ASYCTZ(1.0),12/01/26 11:00:00,A,TOTAL,PER,DK,1999-01-01,6530.0,,
ESTAT:MIGR_ASYCTZ(1.0),12/01/26 11:00:00,A,TOTAL,PER,EE,1999-01-01,25.0,,
ESTAT:MIGR_ASYCTZ(1.0),12/01/26 11:00:00,A,TOTAL,PER,EL,1999-01-01,1530.0,,
ESTAT:MIGR_ASYCTZ(1.0),12/01/26 11:00:00,A,TOTAL,PER,ES,1999-01-01,8405.0,,
ESTAT:MIGR_ASYCTZ(1.0),12/01/26 11:00:00,A,TOTAL,PER,FI,1999-01-01,3105.0,,
ESTAT:MIGR_ASYCTZ(1.0),12/01/26 11:00:00,A,TOTAL,PER,FR,1999-01-01,30905.0,,
ESTAT:MIGR_ASYCTZ(1.0),12/01/26 11:00:00,A,TOTAL,PER,HU,1999-01-01,11500.0,,
ESTAT:MIGR_ASYCTZ(1.0),12/01/26 11:00:00,A,TOTAL,PER,IE,1999-01-01,7725.0,,
ESTAT:MIGR_ASYCTZ(1.0),12/01/26 11:00:00,A,TOTAL,PER,IT,1999-01-01,18450.0,,
ESTAT:MIGR_ASYCTZ(1.0),12/01/26 11:00:00,A,TOTAL,PER,LT,1999-01-01,145.0,,
ESTAT:MIGR_ASYCTZ(1.0),12/01/26 11:00:00,A,TOTAL,PER,LU,1999-01-01,2930.0,,
ESTAT:MIGR_ASYCTZ(1.0),12/01/26 11:00:00,A,TOTAL,PER,LV,1999-01-01,20.0,,
ESTAT:MIGR_ASYCTZ(1.0),12/01/26 11:00:00,A,TOTAL,PER,MT,1999-01-01,255.0,,
ESTAT:MIGR_ASYCTZ(1.0),12/01/26 11:00:00,A,TOTAL,PER,NL,1999-01-01,39275.0,,
ESTAT:MIGR_ASYCTZ(1.0),12/01/26 11:00:00,A,TOTAL,PER,NO,1999-01-01,10160.0,,
ESTAT:MIGR_ASYCTZ(1.0),12/01/26 11:00:00,A,TOTAL,PER,PL,1999-01-01,3060.0,,
ESTAT:MIGR_ASYCTZ(1.0),12/01/26 11:00:00,A,TOTAL,PER,PT,1999-01-01,305.0,,
ESTAT:MIGR_ASYCTZ(1.0),12/01/26 11:00:00,A,TOTAL,PER,RO,1999-01-01,1665.0,,
ESTAT:MIGR_ASYCTZ(1.0),12/01/26 11:00:00,A,TOTAL,PER,SE,1999-01-01,11220.0,,
ESTAT:MIGR_ASYCTZ(1.0),12/01/26 11:00:00,A,TOTAL,PER,SI,1999-01-01,745.0,,
ESTAT:MIGR_ASYCTZ(1.0),12/01/26 11:00:00,A,TOTAL,PER,SK,1999-01-01,1320.0,,
ESTAT:MIGR_ASYCTZ(1.0),12/01/26 11:00:00,A,TOTAL,PER,UK,1999-01-01,71160.0,,
ESTAT:MIGR_ASYCTZ(1.0),12/01/26 11:00:00,A,TOTAL,PER,AT,2000-01-01,18285.0,,
ESTAT:MIGR_ASYCTZ(1.0),12/01/26 11:00:00,A,TOTAL,PER,BE,2000-01-01,42690.0,,
ESTAT:MIGR_ASYCTZ(1.0),12/01/26 11:00:00,A,TOTAL,PER,BG,2000-01-01,1755.0,,
ESTAT:MIGR_ASYCTZ(1.0),12/01/26 11:00:00,A,TOTAL,PER,CH,2000-01-01,17705.0,,
ESTAT:MIGR_ASYCTZ(1.0),12/01/26 11:00:00,A,TOTAL,PER,CY,2000-01-01,650.0,,
ESTAT:MIGR_ASYCTZ(1.0),12/01/26 11:00:00,A,TOTAL,PER,CZ,2000-01-01,8790.0,,
ESTAT:MIGR_ASYCTZ(1.0),12/01/26 11:00:00,A,TOTAL,PER,DE,2000-01-01,78565.0,,
ESTAT:MIGR_ASYCTZ(1.0),12/01/26 11:00:00,A,TOTAL,PER,DK,2000-01-01,10345.0,,
ESTAT:MIGR_ASYCTZ(1.0),12/01/26 11:00:00,A,TOTAL,PER,EE,2000-01-01,5.0,,
ESTAT:MIGR_ASYCTZ(1.0),12/01/26 11:00:00,A,TOTAL,PER,EL,2000-01-01,3085.0,,
ESTAT:MIGR_ASYCTZ(1.0),12/01/26 11:00:00,A,TOTAL,PER,ES,2000-01-01,7925.0,,
ESTAT:MIGR_ASYCTZ(1.0),12/01/26 11:00:00,A,TOTAL,PER,FI,2000-01-01,3170.0,,
ESTAT:MIGR_ASYCTZ(1.0),12/01/26 11:00:00,A,TOTAL,PER,FR,2000-01-01,38745.0,,
ESTAT:MIGR_ASYCTZ(1.0),12/01/26 11:00:00,A,TOTAL,PER,HU,2000-01-01,7800.0,,
ESTAT:MIGR_ASYCTZ(1.0),12/01/26 11:00:00,A,TOTAL,PER,IE,2000-01-01,10940.0,,
ESTAT:MIGR_ASYCTZ(1.0),12/01/26 11:00:00,A,TOTAL,PER,IT,2000-01-01,15195.0,,
ESTAT:MIGR_ASYCTZ(1.0),12/01/26 11:00:00,A,TOTAL,PER,LT,2000-01-01,305.0,,
ESTAT:MIGR_ASYCTZ(1.0),12/01/26 11:00:00,A,TOTAL,PER,LU,2000-01-01,625.0,,
ESTAT:MIGR_ASYCTZ(1.0),12/01/26 11:00:00,A,TOTAL,PER,LV,2000-01-01,5.0,,
ESTAT:MIGR_ASYCTZ(1.0),12/01/26 11:00:00,A,TOTAL,PER,MT,2000-01-01,160.0,,
ESTAT:MIGR_ASYCTZ(1.0),12/01/26 11:00:00,A,TOTAL,PER,NL,2000-01-01,43895.0,,
ESTAT:MIGR_ASYCTZ(1.0),12/01/26 11:00:00,A,TOTAL,PER,NO,2000-01-01,10845.0,,
ESTAT:MIGR_ASYCTZ(1.0),12/01/26 11:00:00,A,TOTAL,PER,PL,2000-01-01,4660.0,,
ESTAT:MIGR_ASYCTZ(1.0),12/01/26 11:00:00,A,TOTAL,PER,PT,2000-01-01,225.0,,
ESTAT:MIGR_ASYCTZ(1.0),12/01/26 11:00:00,A,TOTAL,PER,RO,2000-01-01,1365.0,,
ESTAT:MIGR_ASYCTZ(1.0),12/01/26 11:00:00,A,TOTAL,PER,SE,2000-01-01,16285.0,,
ESTAT:MIGR_ASYCTZ(1.0),12/01/26 11:00:00,A,TOTAL,PER,SI,2000-01-01,9245.0,,
ESTAT:MIGR_ASYCTZ(1.0),12/01/26 11:00:00,A,TOTAL,PER,SK,2000-01-01,1555.0,,
ESTAT:MIGR_ASYCTZ(1.0),12/01/26 11:00:00,A,TOTAL,PER,UK,2000-01-01,80315.0,,
ESTAT:MIGR_ASYCTZ(1.0),12/01/26 11:00:00,A,TOTAL,PER,AT,2001-01-01,30125.0,,
ESTAT:MIGR_ASYCTZ(1.0),12/01/26 11:00:00,A,TOTAL,PER,BE,2001-01-01,24505.0,,
ESTAT:MIGR_ASYCTZ(1.0),12/01/26 11:00:00,A,TOTAL,PER,BG,2001-01-01,2430.0,,
ESTAT:MIGR_ASYCTZ(1.0),12/01/26 11:00:00,A,TOTAL,PER,CH,2001-01-01,19405.0,,
ESTAT:MIGR_ASYCTZ(1.0),12/01/26 11:00:00,A,TOTAL,PER,CY,2001-01-01,1620.0,,
ESTAT:MIGR_ASYCTZ(1.0),12/01/26 11:00:00,A,TOTAL,PER,CZ,2001-01-01,18095.0,,
ESTAT:MIGR_ASYCTZ(1.0),12/01/26 11:00:00,A,TOTAL,PER,DE,2001-01-01,88285.0,,
ESTAT:MIGR_ASYCTZ(1.0),12/01/26 11:00:00,A,TOTAL,PER,DK,2001-01-01,12510.0,,
ESTAT:MIGR_ASYCTZ(1.0),12/01/26 11:00:00,A,TOTAL,PER,EE,2001-01-01,10.0,,
ESTAT:MIGR_ASYCTZ(1.0),12/01/26 11:00:00,A,TOTAL,PER,EL,2001-01-01,5500.0,,
ESTAT:MIGR_ASYCTZ(1.0),12/01/26 11:00:00,A,TOTAL,PER,ES,2001-01-01,9490.0,,
ESTAT:MIGR_ASYCTZ(1.0),12/01/26 11:00:00,A,TOTAL,PER,FI,2001-01-01,1650.0,,
ESTAT:MIGR_ASYCTZ(1.0),12/01/26 11:00:00,A,TOTAL,PER,FR,2001-01-01,47290.0,,
ESTAT:MIGR_ASYCTZ(1.0),12/01/26 11:00:00,A,TOTAL,PER,HU,2001-01-01,9555.0,,
ESTAT:MIGR_ASYCTZ(1.0),12/01/26 11:00:00,A,TOTAL,PER,IE,2001-01-01,10325.0,,
ESTAT:MIGR_ASYCTZ(1.0),12/01/26 11:00:00,A,TOTAL,PER,IT,2001-01-01,17400.0,,
ESTAT:MIGR_ASYCTZ(1.0),12/01/26 11:00:00,A,TOTAL,PER,LT,2001-01-01,425.0,,
ESTAT:MIGR_ASYCTZ(1.0),12/01/26 11:00:00,A,TOTAL,PER,LU,2001-01-01,685.0,,
ESTAT:MIGR_ASYCTZ(1.0),12/01/26 11:00:00,A,TOTAL,PER,LV,2001-01-01,15.0,,
ESTAT:MIGR_ASYCTZ(1.0),12/01/26 11:00:00,A,TOTAL,PER,MT,2001-01-01,155.0,,
ESTAT:MIGR_ASYCTZ(1.0),12/01/26 11:00:00,A,TOTAL,PER,NL,2001-01-01,32580.0,,
ESTAT:MIGR_ASYCTZ(1.0),12/01/26 11:00:00,A,TOTAL,PER,NO,2001-01-01,14770.0,,
ESTAT:MIGR_ASYCTZ(1.0),12/01/26 11:00:00,A,TOTAL,PER,PL,2001-01-01,4480.0,,
ESTAT:MIGR_ASYCTZ(1.0),12/01/26 11:00:00,A,TOTAL,PER,PT,2001-01-01,235.0,,
ESTAT:MIGR_ASYCTZ(1.0),12/01/26 11:00:00,A,TOTAL,PER,RO,2001-01-01,2280.0,,
ESTAT:MIGR_ASYCTZ(1.0),12/01/26 11:00:00,A,TOTAL,PER,SE,2001-01-01,23500.0,,
ESTAT:MIGR_ASYCTZ(1.0),12/01/26 11:00:00,A,TOTAL,PER,SI,2001-01-01,1510.0,,
ESTAT:MIGR_ASYCTZ(1.0),12/01/26 11:00:00,A,TOTAL,PER,SK,2001-01-01,8150.0,,
ESTAT:MIGR_ASYCTZ(1.0),12/01/26 11:00:00,A,TOTAL,PER,UK,2001-01-01,71365.0,,
ESTAT:MIGR_ASYCTZ(1.0),12/01/26 11:00:00,A,TOTAL,PER,AT,2002-01-01,39355.0,,
ESTAT:MIGR_ASYCTZ(1.0),12/01/26 11:00:00,A,TOTAL,PER,BE,2002-01-01,18800.0,,
ESTAT:MIGR_ASYCTZ(1.0),12/01/26 11:00:00,A,TOTAL,PER,BG,2002-01-01,2890.0,,
ESTAT:MIGR_ASYCTZ(1.0),12/01/26 11:00:00,A,TOTAL,PER,CH,2002-01-01,24430.0,,
ESTAT:MIGR_ASYCTZ(1.0),12/01/26 11:00:00,A,TOTAL,PER,CY,2002-01-01,950.0,,
ESTAT:MIGR_ASYCTZ(1.0),12/01/26 11:00:00,A,TOTAL,PER,CZ,2002-01-01,8485.0,,
ESTAT:MIGR_ASYCTZ(1.0),12/01/26 11:00:00,A,TOTAL,PER,DE,2002-01-01,71125.0,,
ESTAT:MIGR_ASYCTZ(1.0),12/01/26 11:00:00,A,TOTAL,PER,DK,2002-01-01,5945.0,,
ESTAT:MIGR_ASYCTZ(1.0),12/01/26 11:00:00,A,TOTAL,PER,EE,2002-01-01,10.0,,
ESTAT:MIGR_ASYCTZ(1.0),12/01/26 11:00:00,A,TOTAL,PER,EL,2002-01-01,5665.0,,
ESTAT:MIGR_ASYCTZ(1.0),12/01/26 11:00:00,A,TOTAL,PER,ES,2002-01-01,6310.0,,
ESTAT:MIGR_ASYCTZ(1.0),12/01/26 11:00:00,A,TOTAL,PER,FI,2002-01-01,3445.0,,
ESTAT:MIGR_ASYCTZ(1.0),12/01/26 11:00:00,A,TOTAL,PER,FR,2002-01-01,51085.0,,
ESTAT:MIGR_ASYCTZ(1.0),12/01/26 11:00:00,A,TOTAL,PER,HU,2002-01-01,6410.0,,
ESTAT:MIGR_ASYCTZ(1.0),12/01/26 11:00:00,A,TOTAL,PER,IE,2002-01-01,11635.0,,
ESTAT:MIGR_ASYCTZ(1.0),12/01/26 11:00:00,A,TOTAL,PER,IT,2002-01-01,16015.0,,
ESTAT:MIGR_ASYCTZ(1.0),12/01/26 11:00:00,A,TOTAL,PER,LT,2002-01-01,365.0,,
ESTAT:MIGR_ASYCTZ(1.0),12/01/26 11:00:00,A,TOTAL,PER,LU,2002-01-01,1040.0,,
ESTAT:MIGR_ASYCTZ(1.0),12/01/26 11:00:00,A,TOTAL,PER,LV,2002-01-01,25.0,,
ESTAT:MIGR_ASYCTZ(1.0),12/01/26 11:00:00,A,TOTAL,PER,MT,2002-01-01,350.0,,
ESTAT:MIGR_ASYCTZ(1.0),12/01/26 11:00:00,A,TOTAL,PER,NL,2002-01-01,18665.0,,
ESTAT:MIGR_ASYCTZ(1.0),12/01/26 11:00:00,A,TOTAL,PER,NO,2002-01-01,17480.0,,
ESTAT:MIGR_ASYCTZ(1.0),12/01/26 11:00:00,A,TOTAL,PER,PL,2002-01-01,5170.0,,
ESTAT:MIGR_ASYCTZ(1.0),12/01/26 11:00:00,A,TOTAL,PER,PT,2002-01-01,245.0,,
ESTAT:MIGR_ASYCTZ(1.0),12/01/26 11:00:00,A,TOTAL,PER,RO,2002-01-01,1000.0,,
ESTAT:MIGR_ASYCTZ(1.0),12/01/26 11:00:00,A,TOTAL,PER,SE,2002-01-01,33015.0,,
ESTAT:MIGR_ASYCTZ(1.0),12/01/26 11:00:00,A,TOTAL,PER,SI,2002-01-01,650.0,,
ESTAT:MIGR_ASYCTZ(1.0),12/01/26 11:00:00,A,TOTAL,PER,SK,2002-01-01,9745.0,,
ESTAT:MIGR_ASYCTZ(1.0),12/01/26 11:00:00,A,TOTAL,PER,UK,2002-01-01,103080.0,,
ESTAT:MIGR_ASYCTZ(1.0),12/01/26 11:00:00,A,TOTAL,PER,AT,2003-01-01,32360.0,,
ESTAT:MIGR_ASYCTZ(1.0),12/01/26 11:00:00,A,TOTAL,PER,BE,2003-01-01,13585.0,,
ESTAT:MIGR_ASYCTZ(1.0),12/01/26 11:00:00,A,TOTAL,PER,BG,2003-01-01,1320.0,,
ESTAT:MIGR_ASYCTZ(1.0),12/01/26 11:00:00,A,TOTAL,PER,CH,2003-01-01,19545.0,,
ESTAT:MIGR_ASYCTZ(1.0),12/01/26 11:00:00,A,TOTAL,PER,CY,2003-01-01,4405.0,,
ESTAT:MIGR_ASYCTZ(1.0),12/01/26 11:00:00,A,TOTAL,PER,CZ,2003-01-01,11400.0,,
ESTAT:MIGR_ASYCTZ(1.0),12/01/26 11:00:00,A,TOTAL,PER,DE,2003-01-01,50565.0,,
ESTAT:MIGR_ASYCTZ(1.0),12/01/26 11:00:00,A,TOTAL,PER,DK,2003-01-01,4390.0,,
ESTAT:MIGR_ASYCTZ(1.0),12/01/26 11:00:00,A,TOTAL,PER,EE,2003-01-01,15.0,,
ESTAT:MIGR_ASYCTZ(1.0),12/01/26 11:00:00,A,TOTAL,PER,EL,2003-01-01,8180.0,,
ESTAT:MIGR_ASYCTZ(1.0),12/01/26 11:00:00,A,TOTAL,PER,ES,2003-01-01,5765.0,,
ESTAT:MIGR_ASYCTZ(1.0),12/01/26 11:00:00,A,TOTAL,PER,FI,2003-01-01,3090.0,,
ESTAT:MIGR_ASYCTZ(1.0),12/01/26 11:00:00,A,TOTAL,PER,FR,2003-01-01,59770.0,,
ESTAT:MIGR_ASYCTZ(1.0),12/01/26 11:00:00,A,TOTAL,PER,HU,2003-01-01,2400.0,,
ESTAT:MIGR_ASYCTZ(1.0),12/01/26 11:00:00,A,TOTAL,PER,IE,2003-01-01,7485.0,,
ESTAT:MIGR_ASYCTZ(1.0),12/01/26 11:00:00,A,TOTAL,PER,IT,2003-01-01,13705.0,,
ESTAT:MIGR_ASYCTZ(1.0),12/01/26 11:00:00,A,TOTAL,PER,LT,2003-01-01,395.0,,
ESTAT:MIGR_ASYCTZ(1.0),12/01/26 11:00:00,A,TOTAL,PER,LU,2003-01-01,1550.0,,
ESTAT:MIGR_ASYCTZ(1.0),12/01/26 11:00:00,A,TOTAL,PER,LV,2003-01-01,5.0,,
ESTAT:MIGR_ASYCTZ(1.0),12/01/26 11:00:00,A,TOTAL,PER,MT,2003-01-01,455.0,,
ESTAT:MIGR_ASYCTZ(1.0),12/01/26 11:00:00,A,TOTAL,PER,NL,2003-01-01,13400.0,,
ESTAT:MIGR_ASYCTZ(1.0),12/01/26 11:00:00,A,TOTAL,PER,NO,2003-01-01,16020.0,,
ESTAT:MIGR_ASYCTZ(1.0),12/01/26 11:00:00,A,TOTAL,PER,PL,2003-01-01,6810.0,,
ESTAT:MIGR_ASYCTZ(1.0),12/01/26 11:00:00,A,TOTAL,PER,PT,2003-01-01,115.0,,
ESTAT:MIGR_ASYCTZ(1.0),12/01/26 11:00:00,A,TOTAL,PER,RO,2003-01-01,885.0,,
ESTAT:MIGR_ASYCTZ(1.0),12/01/26 11:00:00,A,TOTAL,PER,SE,2003-01-01,31355.0,,
ESTAT:MIGR_ASYCTZ(1.0),12/01/26 11:00:00,A,TOTAL,PER,SI,2003-01-01,1050.0,,
ESTAT:MIGR_ASYCTZ(1.0),12/01/26 11:00:00,A,TOTAL,PER,SK,2003-01-01,10300.0,,
ESTAT:MIGR_ASYCTZ(1.0),12/01/26 11:00:00,A,TOTAL,PER,UK,2003-01-01,60045.0,,
ESTAT:MIGR_ASYCTZ(1.0),12/01/26 11:00:00,A,TOTAL,PER,AT,2004-01-01,24635.0,,
ESTAT:MIGR_ASYCTZ(1.0),12/01/26 11:00:00,A,TOTAL,PER,BE,2004-01-01,12400.0,,
ESTAT:MIGR_ASYCTZ(1.0),12/01/26 11:00:00,A,TOTAL,PER,BG,2004-01-01,985.0,,
ESTAT:MIGR_ASYCTZ(1.0),12/01/26 11:00:00,A,TOTAL,PER,CH,2004-01-01,13475.0,,
ESTAT:MIGR_ASYCTZ(1.0),12/01/26 11:00:00,A,TOTAL,PER,CY,2004-01-01,9675.0,,
ESTAT:MIGR_ASYCTZ(1.0),12/01/26 11:00:00,A,TOTAL,PER,CZ,2004-01-01,5300.0,,
ESTAT:MIGR_ASYCTZ(1.0),12/01/26 11:00:00,A,TOTAL,PER,DE,2004-01-01,35605.0,,
ESTAT:MIGR_ASYCTZ(1.0),12/01/26 11:00:00,A,TOTAL,PER,DK,2004-01-01,3235.0,,
ESTAT:MIGR_ASYCTZ(1.0),12/01/26 11:00:00,A,TOTAL,PER,EE,2004-01-01,10.0,,
ESTAT:MIGR_ASYCTZ(1.0),12/01/26 11:00:00,A,TOTAL,PER,EL,2004-01-01,4470.0,,
ESTAT:MIGR_ASYCTZ(1.0),12/01/26 11:00:00,A,TOTAL,PER,ES,2004-01-01,5365.0,,
ESTAT:MIGR_ASYCTZ(1.0),12/01/26 11:00:00,A,TOTAL,PER,FI,2004-01-01,3575.0,,
ESTAT:MIGR_ASYCTZ(1.0),12/01/26 11:00:00,A,TOTAL,PER,FR,2004-01-01,58545.0,,
ESTAT:MIGR_ASYCTZ(1.0),12/01/26 11:00:00,A,TOTAL,PER,HU,2004-01-01,1600.0,,
ESTAT:MIGR_ASYCTZ(1.0),12/01/26 11:00:00,A,TOTAL,PER,IE,2004-01-01,4265.0,,
ESTAT:MIGR_ASYCTZ(1.0),12/01/26 11:00:00,A,TOTAL,PER,IT,2004-01-01,9630.0,,
ESTAT:MIGR_ASYCTZ(1.0),12/01/26 11:00:00,A,TOTAL,PER,LT,2004-01-01,165.0,,
ESTAT:MIGR_ASYCTZ(1.0),12/01/26 11:00:00,A,TOTAL,PER,LU,2004-01-01,1575.0,,
ESTAT:MIGR_ASYCTZ(1.0),12/01/26 11:00:00,A,TOTAL,PER,LV,2004-01-01,5.0,,
ESTAT:MIGR_ASYCTZ(1.0),12/01/26 11:00:00,A,TOTAL,PER,MT,2004-01-01,995.0,,
ESTAT:MIGR_ASYCTZ(1.0),12/01/26 11:00:00,A,TOTAL,PER,NL,2004-01-01,9780.0,,
ESTAT:MIGR_ASYCTZ(1.0),12/01/26 11:00:00,A,TOTAL,PER,NO,2004-01-01,7950.0,,
ESTAT:MIGR_ASYCTZ(1.0),12/01/26 11:00:00,A,TOTAL,PER,PL,2004-01-01,7925.0,,
ESTAT:MIGR_ASYCTZ(1.0),12/01/26 11:00:00,A,TOTAL,PER,PT,2004-01-01,115.0,,
ESTAT:MIGR_ASYCTZ(1.0),12/01/26 11:00:00,A,TOTAL,PER,RO,2004-01-01,545.0,,
ESTAT:MIGR_ASYCTZ(1.0),12/01/26 11:00:00,A,TOTAL,PER,SE,2004-01-01,23160.0,,
ESTAT:MIGR_ASYCTZ(1.0),12/01/26 11:00:00,A,TOTAL,PER,SI,2004-01-01,1090.0,,
ESTAT:MIGR_ASYCTZ(1.0),12/01/26 11:00:00,A,TOTAL,PER,SK,2004-01-01,11395.0,,
ESTAT:MIGR_ASYCTZ(1.0),12/01/26 11:00:00,A,TOTAL,PER,UK,2004-01-01,40625.0,,
ESTAT:MIGR_ASYCTZ(1.0),12/01/26 11:00:00,A,TOTAL,PER,AT,2005-01-01,22460.0,,
ESTAT:MIGR_ASYCTZ(1.0),12/01/26 11:00:00,A,TOTAL,PER,BE,2005-01-01,12575.0,,
ESTAT:MIGR_ASYCTZ(1.0),12/01/26 11:00:00,A,TOTAL,PER,BG,2005-01-01,700.0,,
ESTAT:MIGR_ASYCTZ(1.0),12/01/26 11:00:00,A,TOTAL,PER,CH,2005-01-01,9350.0,,
ESTAT:MIGR_ASYCTZ(1.0),12/01/26 11:00:00,A,TOTAL,PER,CY,2005-01-01,7715.0,,
ESTAT:MIGR_ASYCTZ(1.0),12/01/26 11:00:00,A,TOTAL,PER,CZ,2005-01-01,3590.0,,
ESTAT:MIGR_ASYCTZ(1.0),12/01/26 11:00:00,A,TOTAL,PER,DE,2005-01-01,28915.0,,
ESTAT:MIGR_ASYCTZ(1.0),12/01/26 11:00:00,A,TOTAL,PER,DK,2005-01-01,2280.0,,
ESTAT:MIGR_ASYCTZ(1.0),12/01/26 11:00:00,A,TOTAL,PER,EE,2005-01-01,10.0,,
ESTAT:MIGR_ASYCTZ(1.0),12/01/26 11:00:00,A,TOTAL,PER,EL,2005-01-01,9050.0,,
ESTAT:MIGR_ASYCTZ(1.0),12/01/26 11:00:00,A,TOTAL,PER,ES,2005-01-01,5050.0,,
ESTAT:MIGR_ASYCTZ(1.0),12/01/26 11:00:00,A,TOTAL,PER,FI,2005-01-01,3595.0,,
ESTAT:MIGR_ASYCTZ(1.0),12/01/26 11:00:00,A,TOTAL,PER,FR,2005-01-01,49735.0,,
ESTAT:MIGR_ASYCTZ(1.0),12/01/26 11:00:00,A,TOTAL,PER,HU,2005-01-01,1610.0,,
ESTAT:MIGR_ASYCTZ(1.0),12/01/26 11:00:00,A,TOTAL,PER,IE,2005-01-01,4305.0,,
ESTAT:MIGR_ASYCTZ(1.0),12/01/26 11:00:00,A,TOTAL,PER,IS,2005-01-01,85.0,,
ESTAT:MIGR_ASYCTZ(1.0),12/01/26 11:00:00,A,TOTAL,PER,IT,2005-01-01,9345.0,,
ESTAT:MIGR_ASYCTZ(1.0),12/01/26 11:00:00,A,TOTAL,PER,LT,2005-01-01,100.0,,
ESTAT:MIGR_ASYCTZ(1.0),12/01/26 11:00:00,A,TOTAL,PER,LU,2005-01-01,800.0,,
ESTAT:MIGR_ASYCTZ(1.0),12/01/26 11:00:00,A,TOTAL,PER,LV,2005-01-01,20.0,,
ESTAT:MIGR_ASYCTZ(1.0),12/01/26 11:00:00,A,TOTAL,PER,MT,2005-01-01,1165.0,,
ESTAT:MIGR_ASYCTZ(1.0),12/01/26 11:00:00,A,TOTAL,PER,NL,2005-01-01,12345.0,,
ESTAT:MIGR_ASYCTZ(1.0),12/01/26 11:00:00,A,TOTAL,PER,NO,2005-01-01,5400.0,,
ESTAT:MIGR_ASYCTZ(1.0),12/01/26 11:00:00,A,TOTAL,PER,PL,2005-01-01,5240.0,,
ESTAT:MIGR_ASYCTZ(1.0),12/01/26 11:00:00,A,TOTAL,PER,PT,2005-01-01,115.0,,
ESTAT:MIGR_ASYCTZ(1.0),12/01/26 11:00:00,A,TOTAL,PER,RO,2005-01-01,485.0,,
ESTAT:MIGR_ASYCTZ(1.0),12/01/26 11:00:00,A,TOTAL,PER,SE,2005-01-01,17530.0,,
ESTAT:MIGR_ASYCTZ(1.0),12/01/26 11:00:00,A,TOTAL,PER,SI,2005-01-01,1550.0,,
ESTAT:MIGR_ASYCTZ(1.0),12/01/26 11:00:00,A,TOTAL,PER,SK,2005-01-01,3550.0,,
ESTAT:MIGR_ASYCTZ(1.0),12/01/26 11:00:00,A,TOTAL,PER,UK,2005-01-01,30840.0,,
ESTAT:MIGR_ASYCTZ(1.0),12/01/26 11:00:00,A,TOTAL,PER,AT,2006-01-01,13350.0,,
ESTAT:MIGR_ASYCTZ(1.0),12/01/26 11:00:00,A,TOTAL,PER,BE,2006-01-01,8870.0,,
ESTAT:MIGR_ASYCTZ(1.0),12/01/26 11:00:00,A,TOTAL,PER,BG,2006-01-01,500.0,,
ESTAT:MIGR_ASYCTZ(1.0),12/01/26 11:00:00,A,TOTAL,PER,CH,2006-01-01,9315.0,,
ESTAT:MIGR_ASYCTZ(1.0),12/01/26 11:00:00,A,TOTAL,PER,CY,2006-01-01,4540.0,,
ESTAT:MIGR_ASYCTZ(1.0),12/01/26 11:00:00,A,TOTAL,PER,CZ,2006-01-01,2730.0,,
ESTAT:MIGR_ASYCTZ(1.0),12/01/26 11:00:00,A,TOTAL,PER,DE,2006-01-01,21030.0,,
ESTAT:MIGR_ASYCTZ(1.0),12/01/26 11:00:00,A,TOTAL,PER,DK,2006-01-01,1960.0,,
ESTAT:MIGR_ASYCTZ(1.0),12/01/26 11:00:00,A,TOTAL,PER,EE,2006-01-01,5.0,,
ESTAT:MIGR_ASYCTZ(1.0),12/01/26 11:00:00,A,TOTAL,PER,EL,2006-01-01,12265.0,,
ESTAT:MIGR_ASYCTZ(1.0),12/01/26 11:00:00,A,TOTAL,PER,ES,2006-01-01,5295.0,,
ESTAT:MIGR_ASYCTZ(1.0),12/01/26 11:00:00,A,TOTAL,PER,FI,2006-01-01,2275.0,,
ESTAT:MIGR_ASYCTZ(1.0),12/01/26 11:00:00,A,TOTAL,PER,FR,2006-01-01,30750.0,,
ESTAT:MIGR_ASYCTZ(1.0),12/01/26 11:00:00,A,TOTAL,PER,HU,2006-01-01,2115.0,,
ESTAT:MIGR_ASYCTZ(1.0),12/01/26 11:00:00,A,TOTAL,PER,IE,2006-01-01,4240.0,,
ESTAT:MIGR_ASYCTZ(1.0),12/01/26 11:00:00,A,TOTAL,PER,IS,2006-01-01,40.0,,
ESTAT:MIGR_ASYCTZ(1.0),12/01/26 11:00:00,A,TOTAL,PER,IT,2006-01-01,10350.0,,
ESTAT:MIGR_ASYCTZ(1.0),12/01/26 11:00:00,A,TOTAL,PER,LT,2006-01-01,145.0,,
ESTAT:MIGR_ASYCTZ(1.0),12/01/26 11:00:00,A,TOTAL,PER,LU,2006-01-01,525.0,,
ESTAT:MIGR_ASYCTZ(1.0),12/01/26 11:00:00,A,TOTAL,PER,LV,2006-01-01,10.0,,
ESTAT:MIGR_ASYCTZ(1.0),12/01/26 11:00:00,A,TOTAL,PER,MT,2006-01-01,1270.0,,
ESTAT:MIGR_ASYCTZ(1.0),12/01/26 11:00:00,A,TOTAL,PER,NL,2006-01-01,14465.0,,
ESTAT:MIGR_ASYCTZ(1.0),12/01/26 11:00:00,A,TOTAL,PER,NO,2006-01-01,5320.0,,
ESTAT:MIGR_ASYCTZ(1.0),12/01/26 11:00:00,A,TOTAL,PER,PL,2006-01-01,4225.0,,
ESTAT:MIGR_ASYCTZ(1.0),12/01/26 11:00:00,A,TOTAL,PER,PT,2006-01-01,130.0,,
ESTAT:MIGR_ASYCTZ(1.0),12/01/26 11:00:00,A,TOTAL,PER,RO,2006-01-01,380.0,,
ESTAT:MIGR_ASYCTZ(1.0),12/01/26 11:00:00,A,TOTAL,PER,SE,2006-01-01,24320.0,,
ESTAT:MIGR_ASYCTZ(1.0),12/01/26 11:00:00,A,TOTAL,PER,SI,2006-01-01,500.0,,
ESTAT:MIGR_ASYCTZ(1.0),12/01/26 11:00:00,A,TOTAL,PER,SK,2006-01-01,2850.0,,
ESTAT:MIGR_ASYCTZ(1.0),12/01/26 11:00:00,A,TOTAL,PER,UK,2006-01-01,28320.0,,
ESTAT:MIGR_ASYCTZ(1.0),12/01/26 11:00:00,A,TOTAL,PER,AT,2007-01-01,11920.0,,
ESTAT:MIGR_ASYCTZ(1.0),12/01/26 11:00:00,A,TOTAL,PER,BE,2007-01-01,11575.0,,
ESTAT:MIGR_ASYCTZ(1.0),12/01/26 11:00:00,A,TOTAL,PER,BG,2007-01-01,815.0,,
ESTAT:MIGR_ASYCTZ(1.0),12/01/26 11:00:00,A,TOTAL,PER,CH,2007-01-01,9525.0,,
ESTAT:MIGR_ASYCTZ(1.0),12/01/26 11:00:00,A,TOTAL,PER,CY,2007-01-01,6780.0,,
ESTAT:MIGR_ASYCTZ(1.0),12/01/26 11:00:00,A,TOTAL,PER,CZ,2007-01-01,1585.0,,
ESTAT:MIGR_ASYCTZ(1.0),12/01/26 11:00:00,A,TOTAL,PER,DE,2007-01-01,19165.0,,
ESTAT:MIGR_ASYCTZ(1.0),12/01/26 11:00:00,A,TOTAL,PER,DK,2007-01-01,2225.0,,
ESTAT:MIGR_ASYCTZ(1.0),12/01/26 11:00:00,A,TOTAL,PER,EE,2007-01-01,15.0,,
ESTAT:MIGR_ASYCTZ(1.0),12/01/26 11:00:00,A,TOTAL,PER,EL,2007-01-01,25115.0,,
ESTAT:MIGR_ASYCTZ(1.0),12/01/26 11:00:00,A,TOTAL,PER,ES,2007-01-01,7195.0,,
ESTAT:MIGR_ASYCTZ(1.0),12/01/26 11:00:00,A,TOTAL,PER,FI,2007-01-01,1405.0,,
ESTAT:MIGR_ASYCTZ(1.0),12/01/26 11:00:00,A,TOTAL,PER,FR,2007-01-01,29160.0,,
ESTAT:MIGR_ASYCTZ(1.0),12/01/26 11:00:00,A,TOTAL,PER,HU,2007-01-01,3420.0,,
ESTAT:MIGR_ASYCTZ(1.0),12/01/26 11:00:00,A,TOTAL,PER,IE,2007-01-01,3935.0,,
ESTAT:MIGR_ASYCTZ(1.0),12/01/26 11:00:00,A,TOTAL,PER,IT,2007-01-01,14055.0,,
ESTAT:MIGR_ASYCTZ(1.0),12/01/26 11:00:00,A,TOTAL,PER,LT,2007-01-01,125.0,,
ESTAT:MIGR_ASYCTZ(1.0),12/01/26 11:00:00,A,TOTAL,PER,LU,2007-01-01,425.0,,
ESTAT:MIGR_ASYCTZ(1.0),12/01/26 11:00:00,A,TOTAL,PER,LV,2007-01-01,35.0,,
ESTAT:MIGR_ASYCTZ(1.0),12/01/26 11:00:00,A,TOTAL,PER,MT,2007-01-01,1380.0,,
ESTAT:MIGR_ASYCTZ(1.0),12/01/26 11:00:00,A,TOTAL,PER,NL,2007-01-01,7100.0,,
ESTAT:MIGR_ASYCTZ(1.0),12/01/26 11:00:00,A,TOTAL,PER,PL,2007-01-01,7205.0,,
ESTAT:MIGR_ASYCTZ(1.0),12/01/26 11:00:00,A,TOTAL,PER,PT,2007-01-01,225.0,,
ESTAT:MIGR_ASYCTZ(1.0),12/01/26 11:00:00,A,TOTAL,PER,RO,2007-01-01,660.0,,
ESTAT:MIGR_ASYCTZ(1.0),12/01/26 11:00:00,A,TOTAL,PER,SE,2007-01-01,36205.0,,
ESTAT:MIGR_ASYCTZ(1.0),12/01/26 11:00:00,A,TOTAL,PER,SI,2007-01-01,370.0,,
ESTAT:MIGR_ASYCTZ(1.0),12/01/26 11:00:00,A,TOTAL,PER,SK,2007-01-01,2640.0,,
ESTAT:MIGR_ASYCTZ(1.0),12/01/26 11:00:00,A,TOTAL,PER,UK,2007-01-01,27905.0,,
