DATAFLOW,LAST UPDATE,freq,citizen,applicant,sex,unit,age,geo,TIME_PERIOD,OBS_VALUE,OBS_FLAG,CONF_STATUS
ESTAT:MIGR_ASYAPPCTZA(1.0),06/05/26 11:00:00,A,TOTAL,TOTAL,T,PER,TOTAL,AT,2008-01-01,12750.0,,
ESTAT:MIGR_ASYAPPCTZA(1.0),06/05/26 11:00:00,A,TOTAL,TOTAL,T,PER,TOTAL,BE,2008-01-01,15940.0,,
ESTAT:MIGR_ASYAPPCTZA(1.0),06/05/26 11:00:00,A,TOTAL,TOTAL,T,PER,TOTAL,BG,2008-01-01,745.0,,
ESTAT:MIGR_ASYAPPCTZA(1.0),06/05/26 11:00:00,A,TOTAL,TOTAL,T,PER,TOTAL,CH,2008-01-01,16605.0,,
ESTAT:MIGR_ASYAPPCTZA(1.0),06/05/26 11:00:00,A,TOTAL,TOTAL,T,PER,TOTAL,CY,2008-01-01,3920.0,,
ESTAT:MIGR_ASYAPPCTZA(1.0),06/05/26 11:00:00,A,TOTAL,TOTAL,T,PER,TOTAL,CZ,2008-01-01,1650.0,,
ESTAT:MIGR_ASYAPPCTZA(1.0),06/05/26 11:00:00,A,TOTAL,TOTAL,T,PER,TOTAL,DE,2008-01-01,26945.0,,
ESTAT:MIGR_ASYAPPCTZA(1.0),06/05/26 11:00:00,A,TOTAL,TOTAL,T,PER,TOTAL,DK,2008-01-01,2375.0,,
ESTAT:MIGR_ASYAPPCTZA(1.0),06/05/26 11:00:00,A,TOTAL,TOTAL,T,PER,TOTAL,EE,2008-01-01,15.0,,
ESTAT:MIGR_ASYAPPCTZA(1.0),06/05/26 11:00:00,A,TOTAL,TOTAL,T,PER,TOTAL,EL,2008-01-01,19885.0,,
ESTAT:MIGR_ASYAPPCTZA(1.0),06/05/26 11:00:00,A,TOTAL,TOTAL,T,PER,TOTAL,ES,2008-01-01,4515.0,,
ESTAT:MIGR_ASYAPPCTZA(1.0),06/05/26 11:00:00,A,TOTAL,TOTAL,T,PER,TOTAL,FI,2008-01-01,3770.0,,
ESTAT:MIGR_ASYAPPCTZA(1.0),06/05/26 11:00:00,A,TOTAL,TOTAL,T,PER,TOTAL,FR,2008-01-01,41845.0,,
ESTAT:MIGR_ASYAPPCTZA(1.0),06/05/26 11:00:00,A,TOTAL,TOTAL,T,PER,TOTAL,HU,2008-01-01,3175.0,,
ESTAT:MIGR_ASYAPPCTZA(1.0),06/05/26 11:00:00,A,TOTAL,TOTAL,T,PER,TOTAL,IE,2008-01-01,3865.0,,
ESTAT:MIGR_ASYAPPCTZA(1.0),06/05/26 11:00:00,A,TOTAL,TOTAL,T,PER,TOTAL,IS,2008-01-01,75.0,,
ESTAT:MIGR_ASYAPPCTZA(1.0),06/05/26 11:00:00,A,TOTAL,TOTAL,T,PER,TOTAL,IT,2008-01-01,30145.0,,
ESTAT:MIGR_ASYAPPCTZA(1.0),06/05/26 11:00:00,A,TOTAL,TOTAL,T,PER,TOTAL,LI,2008-01-01,25.0,,
ESTAT:MIGR_ASYAPPCTZA(1.0),06/05/26 11:00:00,A,TOTAL,TOTAL,T,PER,TOTAL,LT,2008-01-01,520.0,,
ESTAT:MIGR_ASYAPPCTZA(1.0),06/05/26 11:00:00,A,TOTAL,TOTAL,T,PER,TOTAL,LU,2008-01-01,455.0,,
ESTAT:MIGR_ASYAPPCTZA(1.0),06/05/26 11:00:00,A,TOTAL,TOTAL,T,PER,TOTAL,LV,2008-01-01,55.0,,
ESTAT:MIGR_ASYAPPCTZA(1.0),06/05/26 11:00:00,A,TOTAL,TOTAL,T,PER,TOTAL,MT,2008-01-01,2605.0,,
ESTAT:MIGR_ASYAPPCTZA(1.0),06/05/26 11:00:00,A,TOTAL,TOTAL,T,PER,TOTAL,NL,2008-01-01,15250.0,,
ESTAT:MIGR_ASYAPPCTZA(1.0),06/05/26 11:00:00,A,TOTAL,TOTAL,T,PER,TOTAL,NO,2008-01-01,14430.0,,
ESTAT:MIGR_ASYAPPCTZA(1.0),06/05/26 11:00:00,A,TOTAL,TOTAL,T,PER,TOTAL,PL,2008-01-01,8515.0,,
ESTAT:MIGR_ASYAPPCTZA(1.0),06/05/26 11:00:00,A,TOTAL,TOTAL,T,PER,TOTAL,PT,2008-01-01,160.0,,
ESTAT:MIGR_ASYAPPCTZA(1.0),06/05/26 11:00:00,A,TOTAL,TOTAL,T,PER,TOTAL,RO,2008-01-01,1180.0,,
ESTAT:MIGR_ASYAPPCTZA(1.0),06/05/26 11:00:00,A,TOTAL,TOTAL,T,PER,TOTAL,SE,2008-01-01,24875.0,,
ESTAT:MIGR_ASYAPPCTZA(1.0),06/05/26 11:00:00,A,TOTAL,TOTAL,T,PER,TOTAL,SI,2008-01-01,260.0,,
ESTAT:MIGR_ASYAPPCTZA(1.0),06/05/26 11:00:00,A,TOTAL,TOTAL,T,PER,TOTAL,SK,2008-01-01,905.0,,
ESTAT:MIGR_ASYAPPCTZA(1.0),06/05/26 11:00:00,A,TOTAL,TOTAL,T,PER,TOTAL,AT,2009-01-01,15815.0,,
ESTAT:MIGR_ASYAPPCTZA(1.0),06/05/26 11:00:00,A,TOTAL,TOTAL,T,PER,TOTAL,BE,2009-01-01,22955.0,,
ESTAT:MIGR_ASYAPPCTZA(1.0),06/05/26 11:00:00,A,TOTAL,TOTAL,T,PER,TOTAL,BG,2009-01-01,855.0,,
ESTAT:MIGR_ASYAPPCTZA(1.0),06/05/26 11:00:00,A,TOTAL,TOTAL,T,PER,TOTAL,CH,2009-01-01,16005.0,,
ESTAT:MIGR_ASYAPPCTZA(1.0),06/05/26 11:00:00,A,TOTAL,TOTAL,T,PER,TOTAL,CY,2009-01-01,3200.0,,
ESTAT:MIGR_ASYAPPCTZA(1.0),06/05/26 11:00:00,A,TOTAL,TOTAL,T,PER,TOTAL,CZ,2009-01-01,1245.0,,
ESTAT:MIGR_ASYAPPCTZA(1.0),06/05/26 11:00:00,A,TOTAL,TOTAL,T,PER,TOTAL,DE,2009-01-01,33035.0,,
ESTAT:MIGR_ASYAPPCTZA(1.0),06/05/26 11:00:00,A,TOTAL,TOTAL,T,PER,TOTAL,DK,2009-01-01,3775.0,,
ESTAT:MIGR_ASYAPPCTZA(1.0),06/05/26 11:00:00,A,TOTAL,TOTAL,T,PER,TOTAL,EE,2009-01-01,40.0,,
ESTAT:MIGR_ASYAPPCTZA(1.0),06/05/26 11:00:00,A,TOTAL,TOTAL,T,PER,TOTAL,EL,2009-01-01,15925.0,,
ESTAT:MIGR_ASYAPPCTZA(1.0),06/05/26 11:00:00,A,TOTAL,TOTAL,T,PER,TOTAL,ES,2009-01-01,3005.0,,
ESTAT:MIGR_ASYAPPCTZA(1.0),06/05/26 11:00:00,A,TOTAL,TOTAL,T,PER,TOTAL,FI,2009-01-01,5700.0,,
ESTAT:MIGR_ASYAPPCTZA(1.0),06/05/26 11:00:00,A,TOTAL,TOTAL,T,PER,TOTAL,FR,2009-01-01,47625.0,,
ESTAT:MIGR_ASYAPPCTZA(1.0),06/05/26 11:00:00,A,TOTAL,TOTAL,T,PER,TOTAL,HU,2009-01-01,4670.0,,
ESTAT:MIGR_ASYAPPCTZA(1.0),06/05/26 11:00:00,A,TOTAL,TOTAL,T,PER,TOTAL,IE,2009-01-01,2690.0,,
ESTAT:MIGR_ASYAPPCTZA(1.0),06/05/26 11:00:00,A,TOTAL,TOTAL,T,PER,TOTAL,IS,2009-01-01,35.0,,
ESTAT:MIGR_ASYAPPCTZA(1.0),06/05/26 11:00:00,A,TOTAL,TOTAL,T,PER,TOTAL,IT,2009-01-01,17755.0,,
ESTAT:MIGR_ASYAPPCTZA(1.0),06/05/26 11:00:00,A,TOTAL,TOTAL,T,PER,TOTAL,LI,2009-01-01,285.0,,
ESTAT:MIGR_ASYAPPCTZA(1.0),06/05/26 11:00:00,A,TOTAL,TOTAL,T,PER,TOTAL,LT,2009-01-01,450.0,,
ESTAT:MIGR_ASYAPPCTZA(1.0),06/05/26 11:00:00,A,TOTAL,TOTAL,T,PER,TOTAL,LU,2009-01-01,485.0,,
ESTAT:MIGR_ASYAPPCTZA(1.0),06/05/26 11:00:00,A,TOTAL,TOTAL,T,PER,TOTAL,LV,2009-01-01,60.0,,
ESTAT:MIGR_ASYAPPCTZA(1.0),06/05/26 11:00:00,A,TOTAL,TOTAL,T,PER,TOTAL,MT,2009-01-01,2385.0,,
ESTAT:MIGR_ASYAPPCTZA(1.0),06/05/26 11:00:00,A,TOTAL,TOTAL,T,PER,TOTAL,NL,2009-01-01,16135.0,,
ESTAT:MIGR_ASYAPPCTZA(1.0),06/05/26 11:00:00,A,TOTAL,TOTAL,T,PER,TOTAL,NO,2009-01-01,17225.0,,
ESTAT:MIGR_ASYAPPCTZA(1.0),06/05/26 11:00:00,A,TOTAL,TOTAL,T,PER,TOTAL,PL,2009-01-01,10595.0,,
ESTAT:MIGR_ASYAPPCTZA(1.0),06/05/26 11:00:00,A,TOTAL,TOTAL,T,PER,TOTAL,PT,2009-01-01,140.0,,
ESTAT:MIGR_ASYAPPCTZA(1.0),06/05/26 11:00:00,A,TOTAL,TOTAL,T,PER,TOTAL,RO,2009-01-01,965.0,,
ESTAT:MIGR_ASYAPPCTZA(1.0),06/05/26 11:00:00,A,TOTAL,TOTAL,T,PER,TOTAL,SE,2009-01-01,24260.0,,
ESTAT:MIGR_ASYAPPCTZA(1.0),06/05/26 11:00:00,A,TOTAL,TOTAL,T,PER,TOTAL,SI,2009-01-01,200.0,,
ESTAT:MIGR_ASYAPPCTZA(1.0),06/05/26 11:00:00,A,TOTAL,TOTAL,T,PER,TOTAL,SK,2009-01-01,820.0,,
ESTAT:MIGR_ASYAPPCTZA(1.0),06/05/26 11:00:00,A,TOTAL,TOTAL,T,PER,TOTAL,UK,2009-01-01,31695.0,,
ESTAT:MIGR_ASYAPPCTZA(1.0),06/05/26 11:00:00,A,TOTAL,TOTAL,T,PER,TOTAL,AT,2010-01-01,11060.0,,
ESTAT:MIGR_ASYAPPCTZA(1.0),06/05/26 11:00:00,A,TOTAL,TOTAL,T,PER,TOTAL,BE,2010-01-01,26560.0,,
ESTAT:MIGR_ASYAPPCTZA(1.0),06/05/26 11:00:00,A,TOTAL,TOTAL,T,PER,TOTAL,BG,2010-01-01,1025.0,,
ESTAT:MIGR_ASYAPPCTZA(1.0),06/05/26 11:00:00,A,TOTAL,TOTAL,T,PER,TOTAL,CH,2010-01-01,15565.0,,
ESTAT:MIGR_ASYAPPCTZA(1.0),06/05/26 11:00:00,A,TOTAL,TOTAL,T,PER,TOTAL,CY,2010-01-01,2875.0,,
ESTAT:MIGR_ASYAPPCTZA(1.0),06/05/26 11:00:00,A,TOTAL,TOTAL,T,PER,TOTAL,CZ,2010-01-01,790.0,,
ESTAT:MIGR_ASYAPPCTZA(1.0),06/05/26 11:00:00,A,TOTAL,TOTAL,T,PER,TOTAL,DE,2010-01-01,48590.0,,
ESTAT:MIGR_ASYAPPCTZA(1.0),06/05/26 11:00:00,A,TOTAL,TOTAL,T,PER,TOTAL,DK,2010-01-01,5100.0,,
ESTAT:MIGR_ASYAPPCTZA(1.0),06/05/26 11:00:00,A,TOTAL,TOTAL,T,PER,TOTAL,EE,2010-01-01,35.0,,
ESTAT:MIGR_ASYAPPCTZA(1.0),06/05/26 11:00:00,A,TOTAL,TOTAL,T,PER,TOTAL,EL,2010-01-01,10275.0,,
ESTAT:MIGR_ASYAPPCTZA(1.0),06/05/26 11:00:00,A,TOTAL,TOTAL,T,PER,TOTAL,ES,2010-01-01,2745.0,,
ESTAT:MIGR_ASYAPPCTZA(1.0),06/05/26 11:00:00,A,TOTAL,TOTAL,T,PER,TOTAL,FI,2010-01-01,3675.0,,
ESTAT:MIGR_ASYAPPCTZA(1.0),06/05/26 11:00:00,A,TOTAL,TOTAL,T,PER,TOTAL,FR,2010-01-01,52725.0,,
ESTAT:MIGR_ASYAPPCTZA(1.0),06/05/26 11:00:00,A,TOTAL,TOTAL,T,PER,TOTAL,HU,2010-01-01,2105.0,,
ESTAT:MIGR_ASYAPPCTZA(1.0),06/05/26 11:00:00,A,TOTAL,TOTAL,T,PER,TOTAL,IE,2010-01-01,1940.0,,
ESTAT:MIGR_ASYAPPCTZA(1.0),06/05/26 11:00:00,A,TOTAL,TOTAL,T,PER,TOTAL,IS,2010-01-01,45.0,,
ESTAT:MIGR_ASYAPPCTZA(1.0),06/05/26 11:00:00,A,TOTAL,TOTAL,T,PER,TOTAL,IT,2010-01-01,10050.0,,
ESTAT:MIGR_ASYAPPCTZA(1.0),06/05/26 11:00:00,A,TOTAL,TOTAL,T,PER,TOTAL,LI,2010-01-01,110.0,,
ESTAT:MIGR_ASYAPPCTZA(1.0),06/05/26 11:00:00,A,TOTAL,TOTAL,T,PER,TOTAL,LT,2010-01-01,495.0,,
ESTAT:MIGR_ASYAPPCTZA(1.0),06/05/26 11:00:00,A,TOTAL,TOTAL,T,PER,TOTAL,LU,2010-01-01,785.0,,
ESTAT:MIGR_ASYAPPCTZA(1.0),06/05/26 11:00:00,A,TOTAL,TOTAL,T,PER,TOTAL,LV,2010-01-01,65.0,,
ESTAT:MIGR_ASYAPPCTZA(1.0),06/05/26 11:00:00,A,TOTAL,TOTAL,T,PER,TOTAL,MT,2010-01-01,175.0,,
ESTAT:MIGR_ASYAPPCTZA(1.0),06/05/26 11:00:00,A,TOTAL,TOTAL,T,PER,TOTAL,NL,2010-01-01,15100.0,,
ESTAT:MIGR_ASYAPPCTZA(1.0),06/05/26 11:00:00,A,TOTAL,TOTAL,T,PER,TOTAL,NO,2010-01-01,10065.0,,
ESTAT:MIGR_ASYAPPCTZA(1.0),06/05/26 11:00:00,A,TOTAL,TOTAL,T,PER,TOTAL,PL,2010-01-01,6540.0,,
ESTAT:MIGR_ASYAPPCTZA(1.0),06/05/26 11:00:00,A,TOTAL,TOTAL,T,PER,TOTAL,PT,2010-01-01,160.0,,
ESTAT:MIGR_ASYAPPCTZA(1.0),06/05/26 11:00:00,A,TOTAL,TOTAL,T,PER,TOTAL,RO,2010-01-01,885.0,,
ESTAT:MIGR_ASYAPPCTZA(1.0),06/05/26 11:00:00,A,TOTAL,TOTAL,T,PER,TOTAL,SE,2010-01-01,31940.0,,
ESTAT:MIGR_ASYAPPCTZA(1.0),06/05/26 11:00:00,A,TOTAL,TOTAL,T,PER,TOTAL,SI,2010-01-01,245.0,,
ESTAT:MIGR_ASYAPPCTZA(1.0),06/05/26 11:00:00,A,TOTAL,TOTAL,T,PER,TOTAL,SK,2010-01-01,540.0,,
ESTAT:MIGR_ASYAPPCTZA(1.0),06/05/26 11:00:00,A,TOTAL,TOTAL,T,PER,TOTAL,UK,2010-01-01,24365.0,,
ESTAT:MIGR_ASYAPPCTZA(1.0),06/05/26 11:00:00,A,TOTAL,TOTAL,T,PER,TOTAL,AT,2011-01-01,14455.0,,
ESTAT:MIGR_ASYAPPCTZA(1.0),06/05/26 11:00:00,A,TOTAL,TOTAL,T,PER,TOTAL,BE,2011-01-01,32270.0,,
ESTAT:MIGR_ASYAPPCTZA(1.0),06/05/26 11:00:00,A,TOTAL,TOTAL,T,PER,TOTAL,BG,2011-01-01,890.0,,
ESTAT:MIGR_ASYAPPCTZA(1.0),06/05/26 11:00:00,A,TOTAL,TOTAL,T,PER,TOTAL,CH,2011-01-01,23880.0,,
ESTAT:MIGR_ASYAPPCTZA(1.0),06/05/26 11:00:00,A,TOTAL,TOTAL,T,PER,TOTAL,CY,2011-01-01,1770.0,,
ESTAT:MIGR_ASYAPPCTZA(1.0),06/05/26 11:00:00,A,TOTAL,TOTAL,T,PER,TOTAL,CZ,2011-01-01,755.0,,
ESTAT:MIGR_ASYAPPCTZA(1.0),06/05/26 11:00:00,A,TOTAL,TOTAL,T,PER,TOTAL,DE,2011-01-01,53345.0,,
ESTAT:MIGR_ASYAPPCTZA(1.0),06/05/26 11:00:00,A,TOTAL,TOTAL,T,PER,TOTAL,DK,2011-01-01,3985.0,,
ESTAT:MIGR_ASYAPPCTZA(1.0),06/05/26 11:00:00,A,TOTAL,TOTAL,T,PER,TOTAL,EE,2011-01-01,65.0,,
ESTAT:MIGR_ASYAPPCTZA(1.0),06/05/26 11:00:00,A,TOTAL,TOTAL,T,PER,TOTAL,EL,2011-01-01,9310.0,,
ESTAT:MIGR_ASYAPPCTZA(1.0),06/05/26 11:00:00,A,TOTAL,TOTAL,T,PER,TOTAL,ES,2011-01-01,3420.0,,
ESTAT:MIGR_ASYAPPCTZA(1.0),06/05/26 11:00:00,A,TOTAL,TOTAL,T,PER,TOTAL,FI,2011-01-01,2975.0,,
ESTAT:MIGR_ASYAPPCTZA(1.0),06/05/26 11:00:00,A,TOTAL,TOTAL,T,PER,TOTAL,FR,2011-01-01,57335.0,,
ESTAT:MIGR_ASYAPPCTZA(1.0),06/05/26 11:00:00,A,TOTAL,TOTAL,T,PER,TOTAL,HU,2011-01-01,1695.0,,
ESTAT:MIGR_ASYAPPCTZA(1.0),06/05/26 11:00:00,A,TOTAL,TOTAL,T,PER,TOTAL,IE,2011-01-01,1290.0,,
ESTAT:MIGR_ASYAPPCTZA(1.0),06/05/26 11:00:00,A,TOTAL,TOTAL,T,PER,TOTAL,IS,2011-01-01,75.0,,
ESTAT:MIGR_ASYAPPCTZA(1.0),06/05/26 11:00:00,A,TOTAL,TOTAL,T,PER,TOTAL,IT,2011-01-01,40350.0,,
ESTAT:MIGR_ASYAPPCTZA(1.0),06/05/26 11:00:00,A,TOTAL,TOTAL,T,PER,TOTAL,LI,2011-01-01,75.0,,
ESTAT:MIGR_ASYAPPCTZA(1.0),06/05/26 11:00:00,A,TOTAL,TOTAL,T,PER,TOTAL,LT,2011-01-01,525.0,,
ESTAT:MIGR_ASYAPPCTZA(1.0),06/05/26 11:00:00,A,TOTAL,TOTAL,T,PER,TOTAL,LU,2011-01-01,2155.0,,
ESTAT:MIGR_ASYAPPCTZA(1.0),06/05/26 11:00:00,A,TOTAL,TOTAL,T,PER,TOTAL,LV,2011-01-01,340.0,,
ESTAT:MIGR_ASYAPPCTZA(1.0),06/05/26 11:00:00,A,TOTAL,TOTAL,T,PER,TOTAL,MT,2011-01-01,1890.0,,
ESTAT:MIGR_ASYAPPCTZA(1.0),06/05/26 11:00:00,A,TOTAL,TOTAL,T,PER,TOTAL,NL,2011-01-01,14590.0,,
ESTAT:MIGR_ASYAPPCTZA(1.0),06/05/26 11:00:00,A,TOTAL,TOTAL,T,PER,TOTAL,NO,2011-01-01,9055.0,,
ESTAT:MIGR_ASYAPPCTZA(1.0),06/05/26 11:00:00,A,TOTAL,TOTAL,T,PER,TOTAL,PL,2011-01-01,6890.0,,
ESTAT:MIGR_ASYAPPCTZA(1.0),06/05/26 11:00:00,A,TOTAL,TOTAL,T,PER,TOTAL,PT,2011-01-01,275.0,,
ESTAT:MIGR_ASYAPPCTZA(1.0),06/05/26 11:00:00,A,TOTAL,TOTAL,T,PER,TOTAL,RO,2011-01-01,1720.0,,
ESTAT:MIGR_ASYAPPCTZA(1.0),06/05/26 11:00:00,A,TOTAL,TOTAL,T,PER,TOTAL,SE,2011-01-01,29710.0,,
ESTAT:MIGR_ASYAPPCTZA(1.0),06/05/26 11:00:00,A,TOTAL,TOTAL,T,PER,TOTAL,SI,2011-01-01,360.0,,
ESTAT:MIGR_ASYAPPCTZA(1.0),06/05/26 11:00:00,A,TOTAL,TOTAL,T,PER,TOTAL,SK,2011-01-01,490.0,,
ESTAT:MIGR_ASYAPPCTZA(1.0),06/05/26 11:00:00,A,TOTAL,TOTAL,T,PER,TOTAL,UK,2011-01-01,26940.0,,
ESTAT:MIGR_ASYAPPCTZA(1.0),06/05/26 11:00:00,A,TOTAL,TOTAL,T,PER,TOTAL,AT,2012-01-01,17450.0,,
ESTAT:MIGR_ASYAPPCTZA(1.0),06/05/26 11:00:00,A,TOTAL,TOTAL,T,PER,TOTAL,BE,2012-01-01,28305.0,,
ESTAT:MIGR_ASYAPPCTZA(1.0),06/05/26 11:00:00,A,TOTAL,TOTAL,T,PER,TOTAL,BG,2012-01-01,1385.0,,
ESTAT:MIGR_ASYAPPCTZA(1.0),06/05/26 11:00:00,A,TOTAL,TOTAL,T,PER,TOTAL,CH,2012-01-01,28640.0,,
ESTAT:MIGR_ASYAPPCTZA(1.0),06/05/26 11:00:00,A,TOTAL,TOTAL,T,PER,TOTAL,CY,2012-01-01,1635.0,,
ESTAT:MIGR_ASYAPPCTZA(1.0),06/05/26 11:00:00,A,TOTAL,TOTAL,T,PER,TOTAL,CZ,2012-01-01,755.0,,
ESTAT:MIGR_ASYAPPCTZA(1.0),06/05/26 11:00:00,A,TOTAL,TOTAL,T,PER,TOTAL,DE,2012-01-01,77650.0,,
ESTAT:MIGR_ASYAPPCTZA(1.0),06/05/26 11:00:00,A,TOTAL,TOTAL,T,PER,TOTAL,DK,2012-01-01,6075.0,,
ESTAT:MIGR_ASYAPPCTZA(1.0),06/05/26 11:00:00,A,TOTAL,TOTAL,T,PER,TOTAL,EE,2012-01-01,75.0,,
ESTAT:MIGR_ASYAPPCTZA(1.0),06/05/26 11:00:00,A,TOTAL,TOTAL,T,PER,TOTAL,EL,2012-01-01,9575.0,,
ESTAT:MIGR_ASYAPPCTZA(1.0),06/05/26 11:00:00,A,TOTAL,TOTAL,T,PER,TOTAL,ES,2012-01-01,2565.0,,
ESTAT:MIGR_ASYAPPCTZA(1.0),06/05/26 11:00:00,A,TOTAL,TOTAL,T,PER,TOTAL,FI,2012-01-01,3115.0,,
ESTAT:MIGR_ASYAPPCTZA(1.0),06/05/26 11:00:00,A,TOTAL,TOTAL,T,PER,TOTAL,FR,2012-01-01,61455.0,,
ESTAT:MIGR_ASYAPPCTZA(1.0),06/05/26 11:00:00,A,TOTAL,TOTAL,T,PER,TOTAL,HU,2012-01-01,2155.0,,
ESTAT:MIGR_ASYAPPCTZA(1.0),06/05/26 11:00:00,A,TOTAL,TOTAL,T,PER,TOTAL,IE,2012-01-01,955.0,,
ESTAT:MIGR_ASYAPPCTZA(1.0),06/05/26 11:00:00,A,TOTAL,TOTAL,T,PER,TOTAL,IS,2012-01-01,120.0,,
ESTAT:MIGR_ASYAPPCTZA(1.0),06/05/26 11:00:00,A,TOTAL,TOTAL,T,PER,TOTAL,IT,2012-01-01,17350.0,,
ESTAT:MIGR_ASYAPPCTZA(1.0),06/05/26 11:00:00,A,TOTAL,TOTAL,T,PER,TOTAL,LI,2012-01-01,75.0,,
ESTAT:MIGR_ASYAPPCTZA(1.0),06/05/26 11:00:00,A,TOTAL,TOTAL,T,PER,TOTAL,LT,2012-01-01,645.0,,
ESTAT:MIGR_ASYAPPCTZA(1.0),06/05/26 11:00:00,A,TOTAL,TOTAL,T,PER,TOTAL,LU,2012-01-01,2055.0,,
ESTAT:MIGR_ASYAPPCTZA(1.0),06/05/26 11:00:00,A,TOTAL,TOTAL,T,PER,TOTAL,LV,2012-01-01,205.0,,
ESTAT:MIGR_ASYAPPCTZA(1.0),06/05/26 11:00:00,A,TOTAL,TOTAL,T,PER,TOTAL,MT,2012-01-01,2080.0,,
ESTAT:MIGR_ASYAPPCTZA(1.0),06/05/26 11:00:00,A,TOTAL,TOTAL,T,PER,TOTAL,NL,2012-01-01,13095.0,,
ESTAT:MIGR_ASYAPPCTZA(1.0),06/05/26 11:00:00,A,TOTAL,TOTAL,T,PER,TOTAL,NO,2012-01-01,9785.0,,
ESTAT:MIGR_ASYAPPCTZA(1.0),06/05/26 11:00:00,A,TOTAL,TOTAL,T,PER,TOTAL,PL,2012-01-01,10755.0,,
ESTAT:MIGR_ASYAPPCTZA(1.0),06/05/26 11:00:00,A,TOTAL,TOTAL,T,PER,TOTAL,PT,2012-01-01,295.0,,
ESTAT:MIGR_ASYAPPCTZA(1.0),06/05/26 11:00:00,A,TOTAL,TOTAL,T,PER,TOTAL,RO,2012-01-01,2510.0,,
ESTAT:MIGR_ASYAPPCTZA(1.0),06/05/26 11:00:00,A,TOTAL,TOTAL,T,PER,TOTAL,SE,2012-01-01,43945.0,,
ESTAT:MIGR_ASYAPPCTZA(1.0),06/05/26 11:00:00,A,TOTAL,TOTAL,T,PER,TOTAL,SI,2012-01-01,305.0,,
ESTAT:MIGR_ASYAPPCTZA(1.0),06/05/26 11:00:00,A,TOTAL,TOTAL,T,PER,TOTAL,SK,2012-01-01,730.0,,
ESTAT:MIGR_ASYAPPCTZA(1.0),06/05/26 11:00:00,A,TOTAL,TOTAL,T,PER,TOTAL,UK,2012-01-01,28895.0,,
ESTAT:MIGR_ASYAPPCTZA(1.0),06/05/26 11:00:00,A,TOTAL,TOTAL,T,PER,TOTAL,AT,2013-01-01,17520.0,,
ESTAT:MIGR_ASYAPPCTZA(1.0),06/05/26 11:00:00,A,TOTAL,TOTAL,T,PER,TOTAL,BE,2013-01-01,21225.0,,
ESTAT:MIGR_ASYAPPCTZA(1.0),06/05/26 11:00:00,A,TOTAL,TOTAL,T,PER,TOTAL,BG,2013-01-01,7145.0,,
ESTAT:MIGR_ASYAPPCTZA(1.0),06/05/26 11:00:00,A,TOTAL,TOTAL,T,PER,TOTAL,CH,2013-01-01,21460.0,,
ESTAT:MIGR_ASYAPPCTZA(1.0),06/05/26 11:00:00,A,TOTAL,TOTAL,T,PER,TOTAL,CY,2013-01-01,1255.0,,
ESTAT:MIGR_ASYAPPCTZA(1.0),06/05/26 11:00:00,A,TOTAL,TOTAL,T,PER,TOTAL,CZ,2013-01-01,710.0,,
ESTAT:MIGR_ASYAPPCTZA(1.0),06/05/26 11:00:00,A,TOTAL,TOTAL,T,PER,TOTAL,DE,2013-01-01,126995.0,,
ESTAT:MIGR_ASYAPPCTZA(1.0),06/05/26 11:00:00,A,TOTAL,TOTAL,T,PER,TOTAL,DK,2013-01-01,7230.0,,
ESTAT:MIGR_ASYAPPCTZA(1.0),06/05/26 11:00:00,A,TOTAL,TOTAL,T,PER,TOTAL,EE,2013-01-01,95.0,,
ESTAT:MIGR_ASYAPPCTZA(1.0),06/05/26 11:00:00,A,TOTAL,TOTAL,T,PER,TOTAL,EL,2013-01-01,8225.0,,
ESTAT:MIGR_ASYAPPCTZA(1.0),06/05/26 11:00:00,A,TOTAL,TOTAL,T,PER,TOTAL,ES,2013-01-01,4495.0,,
ESTAT:MIGR_ASYAPPCTZA(1.0),06/05/26 11:00:00,A,TOTAL,TOTAL,T,PER,TOTAL,EU27_2020,2013-01-01,401215.0,,
ESTAT:MIGR_ASYAPPCTZA(1.0),06/05/26 11:00:00,A,TOTAL,TOTAL,T,PER,TOTAL,FI,2013-01-01,3220.0,,
ESTAT:MIGR_ASYAPPCTZA(1.0),06/05/26 11:00:00,A,TOTAL,TOTAL,T,PER,TOTAL,FR,2013-01-01,66265.0,,
ESTAT:MIGR_ASYAPPCTZA(1.0),06/05/26 11:00:00,A,TOTAL,TOTAL,T,PER,TOTAL,HR,2013-01-01,1080.0,,
ESTAT:MIGR_ASYAPPCTZA(1.0),06/05/26 11:00:00,A,TOTAL,TOTAL,T,PER,TOTAL,HU,2013-01-01,18900.0,,
ESTAT:MIGR_ASYAPPCTZA(1.0),06/05/26 11:00:00,A,TOTAL,TOTAL,T,PER,TOTAL,IE,2013-01-01,945.0,,
ESTAT:MIGR_ASYAPPCTZA(1.0),06/05/26 11:00:00,A,TOTAL,TOTAL,T,PER,TOTAL,IS,2013-01-01,170.0,,
ESTAT:MIGR_ASYAPPCTZA(1.0),06/05/26 11:00:00,A,TOTAL,TOTAL,T,PER,TOTAL,IT,2013-01-01,26620.0,,
ESTAT:MIGR_ASYAPPCTZA(1.0),06/05/26 11:00:00,A,TOTAL,TOTAL,T,PER,TOTAL,LI,2013-01-01,95.0,,
ESTAT:MIGR_ASYAPPCTZA(1.0),06/05/26 11:00:00,A,TOTAL,TOTAL,T,PER,TOTAL,LT,2013-01-01,400.0,,
ESTAT:MIGR_ASYAPPCTZA(1.0),06/05/26 11:00:00,A,TOTAL,TOTAL,T,PER,TOTAL,LU,2013-01-01,1070.0,,
ESTAT:MIGR_ASYAPPCTZA(1.0),06/05/26 11:00:00,A,TOTAL,TOTAL,T,PER,TOTAL,LV,2013-01-01,195.0,,
ESTAT:MIGR_ASYAPPCTZA(1.0),06/05/26 11:00:00,A,TOTAL,TOTAL,T,PER,TOTAL,MT,2013-01-01,2250.0,,
ESTAT:MIGR_ASYAPPCTZA(1.0),06/05/26 11:00:00,A,TOTAL,TOTAL,T,PER,TOTAL,NL,2013-01-01,13060.0,,
ESTAT:MIGR_ASYAPPCTZA(1.0),06/05/26 11:00:00,A,TOTAL,TOTAL,T,PER,TOTAL,NO,2013-01-01,11980.0,,
ESTAT:MIGR_ASYAPPCTZA(1.0),06/05/26 11:00:00,A,TOTAL,TOTAL,T,PER,TOTAL,PL,2013-01-01,15245.0,,
ESTAT:MIGR_ASYAPPCTZA(1.0),06/05/26 11:00:00,A,TOTAL,TOTAL,T,PER,TOTAL,PT,2013-01-01,505.0,,
ESTAT:MIGR_ASYAPPCTZA(1.0),06/05/26 11:00:00,A,TOTAL,TOTAL,T,PER,TOTAL,RO,2013-01-01,1495.0,,
ESTAT:MIGR_ASYAPPCTZA(1.0),06/05/26 11:00:00,A,TOTAL,TOTAL,T,PER,TOTAL,SE,2013-01-01,54365.0,,
ESTAT:MIGR_ASYAPPCTZA(1.0),06/05/26 11:00:00,A,TOTAL,TOTAL,T,PER,TOTAL,SI,2013-01-01,270.0,,
ESTAT:MIGR_ASYAPPCTZA(1.0),06/05/26 11:00:00,A,TOTAL,TOTAL,T,PER,TOTAL,SK,2013-01-01,440.0,,
ESTAT:MIGR_ASYAPPCTZA(1.0),06/05/26 11:00:00,A,TOTAL,TOTAL,T,PER,TOTAL,UK,2013-01-01,30820.0,,
ESTAT:MIGR_ASYAPPCTZA(1.0),06/05/26 11:00:00,A,TOTAL,TOTAL,T,PER,TOTAL,AT,2014-01-01,28065.0,,
ESTAT:MIGR_ASYAPPCTZA(1.0),06/05/26 11:00:00,A,TOTAL,TOTAL,T,PER,TOTAL,BE,2014-01-01,22850.0,,
ESTAT:MIGR_ASYAPPCTZA(1.0),06/05/26 11:00:00,A,TOTAL,TOTAL,T,PER,TOTAL,BG,2014-01-01,11080.0,,
ESTAT:MIGR_ASYAPPCTZA(1.0),06/05/26 11:00:00,A,TOTAL,TOTAL,T,PER,TOTAL,CH,2014-01-01,23770.0,,
ESTAT:MIGR_ASYAPPCTZA(1.0),06/05/26 11:00:00,A,TOTAL,TOTAL,T,PER,TOTAL,CY,2014-01-01,1745.0,,
ESTAT:MIGR_ASYAPPCTZA(1.0),06/05/26 11:00:00,A,TOTAL,TOTAL,T,PER,TOTAL,CZ,2014-01-01,1155.0,,
ESTAT:MIGR_ASYAPPCTZA(1.0),06/05/26 11:00:00,A,TOTAL,TOTAL,T,PER,TOTAL,DE,2014-01-01,202815.0,,
ESTAT:MIGR_ASYAPPCTZA(1.0),06/05/26 11:00:00,A,TOTAL,TOTAL,T,PER,TOTAL,DK,2014-01-01,14715.0,,
ESTAT:MIGR_ASYAPPCTZA(1.0),06/05/26 11:00:00,A,TOTAL,TOTAL,T,PER,TOTAL,EE,2014-01-01,155.0,,
ESTAT:MIGR_ASYAPPCTZA(1.0),06/05/26 11:00:00,A,TOTAL,TOTAL,T,PER,TOTAL,EL,2014-01-01,9435.0,,
ESTAT:MIGR_ASYAPPCTZA(1.0),06/05/26 11:00:00,A,TOTAL,TOTAL,T,PER,TOTAL,ES,2014-01-01,5615.0,,
ESTAT:MIGR_ASYAPPCTZA(1.0),06/05/26 11:00:00,A,TOTAL,TOTAL,T,PER,TOTAL,EU27_2020,2014-01-01,594725.0,,
ESTAT:MIGR_ASYAPPCTZA(1.0),06/05/26 11:00:00,A,TOTAL,TOTAL,T,PER,TOTAL,FI,2014-01-01,3625.0,,
ESTAT:MIGR_ASYAPPCTZA(1.0),06/05/26 11:00:00,A,TOTAL,TOTAL,T,PER,TOTAL,FR,2014-01-01,64310.0,,
ESTAT:MIGR_ASYAPPCTZA(1.0),06/05/26 11:00:00,A,TOTAL,TOTAL,T,PER,TOTAL,HR,2014-01-01,450.0,,
ESTAT:MIGR_ASYAPPCTZA(1.0),06/05/26 11:00:00,A,TOTAL,TOTAL,T,PER,TOTAL,HU,2014-01-01,42775.0,,
ESTAT:MIGR_ASYAPPCTZA(1.0),06/05/26 11:00:00,A,TOTAL,TOTAL,T,PER,TOTAL,IE,2014-01-01,1450.0,,
ESTAT:MIGR_ASYAPPCTZA(1.0),06/05/26 11:00:00,A,TOTAL,TOTAL,T,PER,TOTAL,IS,2014-01-01,170.0,,
ESTAT:MIGR_ASYAPPCTZA(1.0),06/05/26 11:00:00,A,TOTAL,TOTAL,T,PER,TOTAL,IT,2014-01-01,64625.0,,
ESTAT:MIGR_ASYAPPCTZA(1.0),06/05/26 11:00:00,A,TOTAL,TOTAL,T,PER,TOTAL,LI,2014-01-01,75.0,,
ESTAT:MIGR_ASYAPPCTZA(1.0),06/05/26 11:00:00,A,TOTAL,TOTAL,T,PER,TOTAL,LT,2014-01-01,440.0,,
ESTAT:MIGR_ASYAPPCTZA(1.0),06/05/26 11:00:00,A,TOTAL,TOTAL,T,PER,TOTAL,LU,2014-01-01,1150.0,,
ESTAT:MIGR_ASYAPPCTZA(1.0),06/05/26 11:00:00,A,TOTAL,TOTAL,T,PER,TOTAL,LV,2014-01-01,375.0,,
ESTAT:MIGR_ASYAPPCTZA(1.0),06/05/26 11:00:00,A,TOTAL,TOTAL,T,PER,TOTAL,MT,2014-01-01,1350.0,,
ESTAT:MIGR_ASYAPPCTZA(1.0),06/05/26 11:00:00,A,TOTAL,TOTAL,T,PER,TOTAL,NL,2014-01-01,24495.0,,
ESTAT:MIGR_ASYAPPCTZA(1.0),06/05/26 11:00:00,A,TOTAL,TOTAL,T,PER,TOTAL,NO,2014-01-01,11480.0,,
ESTAT:MIGR_ASYAPPCTZA(1.0),06/05/26 11:00:00,A,TOTAL,TOTAL,T,PER,TOTAL,PL,2014-01-01,8025.0,,
ESTAT:MIGR_ASYAPPCTZA(1.0),06/05/26 11:00:00,A,TOTAL,TOTAL,T,PER,TOTAL,PT,2014-01-01,445.0,,
ESTAT:MIGR_ASYAPPCTZA(1.0),06/05/26 11:00:00,A,TOTAL,TOTAL,T,PER,TOTAL,RO,2014-01-01,1545.0,,
ESTAT:MIGR_ASYAPPCTZA(1.0),06/05/26 11:00:00,A,TOTAL,TOTAL,T,PER,TOTAL,SE,2014-01-01,81325.0,,
ESTAT:MIGR_ASYAPPCTZA(1.0),06/05/26 11:00:00,A,TOTAL,TOTAL,T,PER,TOTAL,SI,2014-01-01,385.0,,
ESTAT:MIGR_ASYAPPCTZA(1.0),06/05/26 11:00:00,A,TOTAL,TOTAL,T,PER,TOTAL,SK,2014-01-01,330.0,,
ESTAT:MIGR_ASYAPPCTZA(1.0),06/05/26 11:00:00,A,TOTAL,TOTAL,T,PER,TOTAL,UK,2014-01-01,33010.0,,
ESTAT:MIGR_ASYAPPCTZA(1.0),06/05/26 11:00:00,A,TOTAL,TOTAL,T,PER,TOTAL,AT,2015-01-01,88180.0,,
ESTAT:MIGR_ASYAPPCTZA(1.0),06/05/26 11:00:00,A,TOTAL,TOTAL,T,PER,TOTAL,BE,2015-01-01,44760.0,,
ESTAT:MIGR_ASYAPPCTZA(1.0),06/05/26 11:00:00,A,TOTAL,TOTAL,T,PER,TOTAL,BG,2015-01-01,20390.0,,
ESTAT:MIGR_ASYAPPCTZA(1.0),06/05/26 11:00:00,A,TOTAL,TOTAL,T,PER,TOTAL,CH,2015-01-01,39515.0,,
ESTAT:MIGR_ASYAPPCTZA(1.0),06/05/26 11:00:00,A,TOTAL,TOTAL,T,PER,TOTAL,CY,2015-01-01,2265.0,,
ESTAT:MIGR_ASYAPPCTZA(1.0),06/05/26 11:00:00,A,TOTAL,TOTAL,T,PER,TOTAL,CZ,2015-01-01,1525.0,,
ESTAT:MIGR_ASYAPPCTZA(1.0),06/05/26 11:00:00,A,TOTAL,TOTAL,T,PER,TOTAL,DE,2015-01-01,476620.0,,
ESTAT:MIGR_ASYAPPCTZA(1.0),06/05/26 11:00:00,A,TOTAL,TOTAL,T,PER,TOTAL,DK,2015-01-01,20970.0,,
ESTAT:MIGR_ASYAPPCTZA(1.0),06/05/26 11:00:00,A,TOTAL,TOTAL,T,PER,TOTAL,EE,2015-01-01,230.0,,
ESTAT:MIGR_ASYAPPCTZA(1.0),06/05/26 11:00:00,A,TOTAL,TOTAL,T,PER,TOTAL,EL,2015-01-01,13205.0,,
ESTAT:MIGR_ASYAPPCTZA(1.0),06/05/26 11:00:00,A,TOTAL,TOTAL,T,PER,TOTAL,ES,2015-01-01,14785.0,,
ESTAT:MIGR_ASYAPPCTZA(1.0),06/05/26 11:00:00,A,TOTAL,TOTAL,T,PER,TOTAL,EU27_2020,2015-01-01,1283075.0,,
ESTAT:MIGR_ASYAPPCTZA(1.0),06/05/26 11:00:00,A,TOTAL,TOTAL,T,PER,TOTAL,FI,2015-01-01,32345.0,,
ESTAT:MIGR_ASYAPPCTZA(1.0),06/05/26 11:00:00,A,TOTAL,TOTAL,T,PER,TOTAL,FR,2015-01-01,76165.0,,
ESTAT:MIGR_ASYAPPCTZA(1.0),06/05/26 11:00:00,A,TOTAL,TOTAL,T,PER,TOTAL,HR,2015-01-01,210.0,,
ESTAT:MIGR_ASYAPPCTZA(1.0),06/05/26 11:00:00,A,TOTAL,TOTAL,T,PER,TOTAL,HU,2015-01-01,177135.0,,
ESTAT:MIGR_ASYAPPCTZA(1.0),06/05/26 11:00:00,A,TOTAL,TOTAL,T,PER,TOTAL,IE,2015-01-01,3275.0,,
ESTAT:MIGR_ASYAPPCTZA(1.0),06/05/26 11:00:00,A,TOTAL,TOTAL,T,PER,TOTAL,IS,2015-01-01,370.0,,
ESTAT:MIGR_ASYAPPCTZA(1.0),06/05/26 11:00:00,A,TOTAL,TOTAL,T,PER,TOTAL,IT,2015-01-01,83540.0,,
ESTAT:MIGR_ASYAPPCTZA(1.0),06/05/26 11:00:00,A,TOTAL,TOTAL,T,PER,TOTAL,LI,2015-01-01,150.0,,
ESTAT:MIGR_ASYAPPCTZA(1.0),06/05/26 11:00:00,A,TOTAL,TOTAL,T,PER,TOTAL,LT,2015-01-01,315.0,,
ESTAT:MIGR_ASYAPPCTZA(1.0),06/05/26 11:00:00,A,TOTAL,TOTAL,T,PER,TOTAL,LU,2015-01-01,2505.0,,
ESTAT:MIGR_ASYAPPCTZA(1.0),06/05/26 11:00:00,A,TOTAL,TOTAL,T,PER,TOTAL,LV,2015-01-01,330.0,,
ESTAT:MIGR_ASYAPPCTZA(1.0),06/05/26 11:00:00,A,TOTAL,TOTAL,T,PER,TOTAL,MT,2015-01-01,1845.0,,
ESTAT:MIGR_ASYAPPCTZA(1.0),06/05/26 11:00:00,A,TOTAL,TOTAL,T,PER,TOTAL,NL,2015-01-01,44970.0,,
ESTAT:MIGR_ASYAPPCTZA(1.0),06/05/26 11:00:00,A,TOTAL,TOTAL,T,PER,TOTAL,NO,2015-01-01,31145.0,,
ESTAT:MIGR_ASYAPPCTZA(1.0),06/05/26 11:00:00,A,TOTAL,TOTAL,T,PER,TOTAL,PL,2015-01-01,12190.0,,
ESTAT:MIGR_ASYAPPCTZA(1.0),06/05/26 11:00:00,A,TOTAL,TOTAL,T,PER,TOTAL,PT,2015-01-01,895.0,,
ESTAT:MIGR_ASYAPPCTZA(1.0),06/05/26 11:00:00,A,TOTAL,TOTAL,T,PER,TOTAL,RO,2015-01-01,1260.0,,
ESTAT:MIGR_ASYAPPCTZA(1.0),06/05/26 11:00:00,A,TOTAL,TOTAL,T,PER,TOTAL,SE,2015-01-01,162550.0,,
ESTAT:MIGR_ASYAPPCTZA(1.0),06/05/26 11:00:00,A,TOTAL,TOTAL,T,PER,TOTAL,SI,2015-01-01,275.0,,
ESTAT:MIGR_ASYAPPCTZA(1.0),06/05/26 11:00:00,A,TOTAL,TOTAL,T,PER,TOTAL,SK,2015-01-01,330.0,,
ESTAT:MIGR_ASYAPPCTZA(1.0),06/05/26 11:00:00,A,TOTAL,TOTAL,T,PER,TOTAL,UK,2015-01-01,40410.0,,
ESTAT:MIGR_ASYAPPCTZA(1.0),06/05/26 11:00:00,A,TOTAL,TOTAL,T,PER,TOTAL,AT,2016-01-01,42285.0,,
ESTAT:MIGR_ASYAPPCTZA(1.0),06/05/26 11:00:00,A,TOTAL,TOTAL,T,PER,TOTAL,BE,2016-01-01,18325.0,,
ESTAT:MIGR_ASYAPPCTZA(1.0),06/05/26 11:00:00,A,TOTAL,TOTAL,T,PER,TOTAL,BG,2016-01-01,19420.0,,
ESTAT:MIGR_ASYAPPCTZA(1.0),06/05/26 11:00:00,A,TOTAL,TOTAL,T,PER,TOTAL,CH,2016-01-01,27195.0,,
ESTAT:MIGR_ASYAPPCTZA(1.0),06/05/26 11:00:00,A,TOTAL,TOTAL,T,PER,TOTAL,CY,2016-01-01,2940.0,,
ESTAT:MIGR_ASYAPPCTZA(1.0),06/05/26 11:00:00,A,TOTAL,TOTAL,T,PER,TOTAL,CZ,2016-01-01,1480.0,,
ESTAT:MIGR_ASYAPPCTZA(1.0),06/05/26 11:00:00,A,TOTAL,TOTAL,T,PER,TOTAL,DE,2016-01-01,745265.0,,
ESTAT:MIGR_ASYAPPCTZA(1.0),06/05/26 11:00:00,A,TOTAL,TOTAL,T,PER,TOTAL,DK,2016-01-01,6195.0,,
ESTAT:MIGR_ASYAPPCTZA(1.0),06/05/26 11:00:00,A,TOTAL,TOTAL,T,PER,TOTAL,EE,2016-01-01,175.0,,
ESTAT:MIGR_ASYAPPCTZA(1.0),06/05/26 11:00:00,A,TOTAL,TOTAL,T,PER,TOTAL,EL,2016-01-01,51110.0,,
ESTAT:MIGR_ASYAPPCTZA(1.0),06/05/26 11:00:00,A,TOTAL,TOTAL,T,PER,TOTAL,ES,2016-01-01,15755.0,,
ESTAT:MIGR_ASYAPPCTZA(1.0),06/05/26 11:00:00,A,TOTAL,TOTAL,T,PER,TOTAL,EU27_2020,2016-01-01,1221480.0,,
ESTAT:MIGR_ASYAPPCTZA(1.0),06/05/26 11:00:00,A,TOTAL,TOTAL,T,PER,TOTAL,FI,2016-01-01,5625.0,,
ESTAT:MIGR_ASYAPPCTZA(1.0),06/05/26 11:00:00,A,TOTAL,TOTAL,T,PER,TOTAL,FR,2016-01-01,84270.0,,
ESTAT:MIGR_ASYAPPCTZA(1.0),06/05/26 11:00:00,A,TOTAL,TOTAL,T,PER,TOTAL,HR,2016-01-01,2225.0,,
ESTAT:MIGR_ASYAPPCTZA(1.0),06/05/26 11:00:00,A,TOTAL,TOTAL,T,PER,TOTAL,HU,2016-01-01,29430.0,,
ESTAT:MIGR_ASYAPPCTZA(1.0),06/05/26 11:00:00,A,TOTAL,TOTAL,T,PER,TOTAL,IE,2016-01-01,2245.0,,
ESTAT:MIGR_ASYAPPCTZA(1.0),06/05/26 11:00:00,A,TOTAL,TOTAL,T,PER,TOTAL,IS,2016-01-01,1125.0,,
ESTAT:MIGR_ASYAPPCTZA(1.0),06/05/26 11:00:00,A,TOTAL,TOTAL,T,PER,TOTAL,IT,2016-01-01,122960.0,,
ESTAT:MIGR_ASYAPPCTZA(1.0),06/05/26 11:00:00,A,TOTAL,TOTAL,T,PER,TOTAL,LI,2016-01-01,85.0,,
ESTAT:MIGR_ASYAPPCTZA(1.0),06/05/26 11:00:00,A,TOTAL,TOTAL,T,PER,TOTAL,LT,2016-01-01,430.0,,
ESTAT:MIGR_ASYAPPCTZA(1.0),06/05/26 11:00:00,A,TOTAL,TOTAL,T,PER,TOTAL,LU,2016-01-01,2160.0,,
ESTAT:MIGR_ASYAPPCTZA(1.0),06/05/26 11:00:00,A,TOTAL,TOTAL,T,PER,TOTAL,LV,2016-01-01,350.0,,
ESTAT:MIGR_ASYAPPCTZA(1.0),06/05/26 11:00:00,A,TOTAL,TOTAL,T,PER,TOTAL,MT,2016-01-01,1930.0,,
ESTAT:MIGR_ASYAPPCTZA(1.0),06/05/26 11:00:00,A,TOTAL,TOTAL,T,PER,TOTAL,NL,2016-01-01,20945.0,,
ESTAT:MIGR_ASYAPPCTZA(1.0),06/05/26 11:00:00,A,TOTAL,TOTAL,T,PER,TOTAL,NO,2016-01-01,3520.0,,
ESTAT:MIGR_ASYAPPCTZA(1.0),06/05/26 11:00:00,A,TOTAL,TOTAL,T,PER,TOTAL,PL,2016-01-01,12305.0,,
ESTAT:MIGR_ASYAPPCTZA(1.0),06/05/26 11:00:00,A,TOTAL,TOTAL,T,PER,TOTAL,PT,2016-01-01,1465.0,,
ESTAT:MIGR_ASYAPPCTZA(1.0),06/05/26 11:00:00,A,TOTAL,TOTAL,T,PER,TOTAL,RO,2016-01-01,1880.0,,
ESTAT:MIGR_ASYAPPCTZA(1.0),06/05/26 11:00:00,A,TOTAL,TOTAL,T,PER,TOTAL,SE,2016-01-01,28860.0,,
ESTAT:MIGR_ASYAPPCTZA(1.0),06/05/26 11:00:00,A,TOTAL,TOTAL,T,PER,TOTAL,SI,2016-01-01,1310.0,,
ESTAT:MIGR_ASYAPPCTZA(1.0),06/05/26 11:00:00,A,TOTAL,TOTAL,T,PER,TOTAL,SK,2016-01-01,145.0,,
ESTAT:MIGR_ASYAPPCTZA(1.0),06/05/26 11:00:00,A,TOTAL,TOTAL,T,PER,TOTAL,UK,2016-01-01,39855.0,,
ESTAT:MIGR_ASYAPPCTZA(1.0),06/05/26 11:00:00,A,TOTAL,TOTAL,T,PER,TOTAL,AT,2017-01-01,24735.0,,
ESTAT:MIGR_ASYAPPCTZA(1.0),06/05/26 11:00:00,A,TOTAL,TOTAL,T,PER,TOTAL,BE,2017-01-01,18370.0,,
ESTAT:MIGR_ASYAPPCTZA(1.0),06/05/26 11:00:00,A,TOTAL,TOTAL,T,PER,TOTAL,BG,2017-01-01,3695.0,,
ESTAT:MIGR_ASYAPPCTZA(1.0),06/05/26 11:00:00,A,TOTAL,TOTAL,T,PER,TOTAL,CH,2017-01-01,18085.0,,
ESTAT:MIGR_ASYAPPCTZA(1.0),06/05/26 11:00:00,A,TOTAL,TOTAL,T,PER,TOTAL,CY,2017-01-01,4600.0,,
ESTAT:MIGR_ASYAPPCTZA(1.0),06/05/26 11:00:00,A,TOTAL,TOTAL,T,PER,TOTAL,CZ,2017-01-01,1450.0,,
ESTAT:MIGR_ASYAPPCTZA(1.0),06/05/26 11:00:00,A,TOTAL,TOTAL,T,PER,TOTAL,DE,2017-01-01,222625.0,,
ESTAT:MIGR_ASYAPPCTZA(1.0),06/05/26 11:00:00,A,TOTAL,TOTAL,T,PER,TOTAL,DK,2017-01-01,3235.0,,
ESTAT:MIGR_ASYAPPCTZA(1.0),06/05/26 11:00:00,A,TOTAL,TOTAL,T,PER,TOTAL,EE,2017-01-01,190.0,,
ESTAT:MIGR_ASYAPPCTZA(1.0),06/05/26 11:00:00,A,TOTAL,TOTAL,T,PER,TOTAL,EL,2017-01-01,58660.0,,
ESTAT:MIGR_ASYAPPCTZA(1.0),06/05/26 11:00:00,A,TOTAL,TOTAL,T,PER,TOTAL,ES,2017-01-01,36610.0,,
ESTAT:MIGR_ASYAPPCTZA(1.0),06/05/26 11:00:00,A,TOTAL,TOTAL,T,PER,TOTAL,EU27_2020,2017-01-01,677705.0,,
ESTAT:MIGR_ASYAPPCTZA(1.0),06/05/26 11:00:00,A,TOTAL,TOTAL,T,PER,TOTAL,FI,2017-01-01,5020.0,,
ESTAT:MIGR_ASYAPPCTZA(1.0),06/05/26 11:00:00,A,TOTAL,TOTAL,T,PER,TOTAL,FR,2017-01-01,99330.0,,
ESTAT:MIGR_ASYAPPCTZA(1.0),06/05/26 11:00:00,A,TOTAL,TOTAL,T,PER,TOTAL,HR,2017-01-01,975.0,,
ESTAT:MIGR_ASYAPPCTZA(1.0),06/05/26 11:00:00,A,TOTAL,TOTAL,T,PER,TOTAL,HU,2017-01-01,3395.0,,
ESTAT:MIGR_ASYAPPCTZA(1.0),06/05/26 11:00:00,A,TOTAL,TOTAL,T,PER,TOTAL,IE,2017-01-01,2930.0,,
ESTAT:MIGR_ASYAPPCTZA(1.0),06/05/26 11:00:00,A,TOTAL,TOTAL,T,PER,TOTAL,IS,2017-01-01,1085.0,,
ESTAT:MIGR_ASYAPPCTZA(1.0),06/05/26 11:00:00,A,TOTAL,TOTAL,T,PER,TOTAL,IT,2017-01-01,128855.0,,
ESTAT:MIGR_ASYAPPCTZA(1.0),06/05/26 11:00:00,A,TOTAL,TOTAL,T,PER,TOTAL,LI,2017-01-01,150.0,,
ESTAT:MIGR_ASYAPPCTZA(1.0),06/05/26 11:00:00,A,TOTAL,TOTAL,T,PER,TOTAL,LT,2017-01-01,545.0,,
ESTAT:MIGR_ASYAPPCTZA(1.0),06/05/26 11:00:00,A,TOTAL,TOTAL,T,PER,TOTAL,LU,2017-01-01,2435.0,,
ESTAT:MIGR_ASYAPPCTZA(1.0),06/05/26 11:00:00,A,TOTAL,TOTAL,T,PER,TOTAL,LV,2017-01-01,355.0,,
ESTAT:MIGR_ASYAPPCTZA(1.0),06/05/26 11:00:00,A,TOTAL,TOTAL,T,PER,TOTAL,MT,2017-01-01,1840.0,,
ESTAT:MIGR_ASYAPPCTZA(1.0),06/05/26 11:00:00,A,TOTAL,TOTAL,T,PER,TOTAL,NL,2017-01-01,18210.0,,
ESTAT:MIGR_ASYAPPCTZA(1.0),06/05/26 11:00:00,A,TOTAL,TOTAL,T,PER,TOTAL,NO,2017-01-01,3560.0,,
ESTAT:MIGR_ASYAPPCTZA(1.0),06/05/26 11:00:00,A,TOTAL,TOTAL,T,PER,TOTAL,PL,2017-01-01,5055.0,,
ESTAT:MIGR_ASYAPPCTZA(1.0),06/05/26 11:00:00,A,TOTAL,TOTAL,T,PER,TOTAL,PT,2017-01-01,1750.0,,
ESTAT:MIGR_ASYAPPCTZA(1.0),06/05/26 11:00:00,A,TOTAL,TOTAL,T,PER,TOTAL,RO,2017-01-01,4815.0,,
ESTAT:MIGR_ASYAPPCTZA(1.0),06/05/26 11:00:00,A,TOTAL,TOTAL,T,PER,TOTAL,SE,2017-01-01,26370.0,,
ESTAT:MIGR_ASYAPPCTZA(1.0),06/05/26 11:00:00,A,TOTAL,TOTAL,T,PER,TOTAL,SI,2017-01-01,1475.0,,
ESTAT:MIGR_ASYAPPCTZA(1.0),06/05/26 11:00:00,A,TOTAL,TOTAL,T,PER,TOTAL,SK,2017-01-01,165.0,,
ESTAT:MIGR_ASYAPPCTZA(1.0),06/05/26 11:00:00,A,TOTAL,TOTAL,T,PER,TOTAL,UK,2017-01-01,34860.0,,
ESTAT:MIGR_ASYAPPCTZA(1.0),06/05/26 11:00:00,A,TOTAL,TOTAL,T,PER,TOTAL,AT,2018-01-01,13745.0,,
ESTAT:MIGR_ASYAPPCTZA(1.0),06/05/26 11:00:00,A,TOTAL,TOTAL,T,PER,TOTAL,BE,2018-01-01,22565.0,,
ESTAT:MIGR_ASYAPPCTZA(1.0),06/05/26 11:00:00,A,TOTAL,TOTAL,T,PER,TOTAL,BG,2018-01-01,2535.0,,
ESTAT:MIGR_ASYAPPCTZA(1.0),06/05/26 11:00:00,A,TOTAL,TOTAL,T,PER,TOTAL,CH,2018-01-01,15235.0,,
ESTAT:MIGR_ASYAPPCTZA(1.0),06/05/26 11:00:00,A,TOTAL,TOTAL,T,PER,TOTAL,CY,2018-01-01,7765.0,,
ESTAT:MIGR_ASYAPPCTZA(1.0),06/05/26 11:00:00,A,TOTAL,TOTAL,T,PER,TOTAL,CZ,2018-01-01,1700.0,,
ESTAT:MIGR_ASYAPPCTZA(1.0),06/05/26 11:00:00,A,TOTAL,TOTAL,T,PER,TOTAL,DE,2018-01-01,184235.0,,
ESTAT:MIGR_ASYAPPCTZA(1.0),06/05/26 11:00:00,A,TOTAL,TOTAL,T,PER,TOTAL,DK,2018-01-01,3600.0,,
ESTAT:MIGR_ASYAPPCTZA(1.0),06/05/26 11:00:00,A,TOTAL,TOTAL,T,PER,TOTAL,EE,2018-01-01,95.0,,
ESTAT:MIGR_ASYAPPCTZA(1.0),06/05/26 11:00:00,A,TOTAL,TOTAL,T,PER,TOTAL,EL,2018-01-01,66975.0,,
ESTAT:MIGR_ASYAPPCTZA(1.0),06/05/26 11:00:00,A,TOTAL,TOTAL,T,PER,TOTAL,ES,2018-01-01,54060.0,,
ESTAT:MIGR_ASYAPPCTZA(1.0),06/05/26 11:00:00,A,TOTAL,TOTAL,T,PER,TOTAL,EU27_2020,2018-01-01,632880.0,,
ESTAT:MIGR_ASYAPPCTZA(1.0),06/05/26 11:00:00,A,TOTAL,TOTAL,T,PER,TOTAL,FI,2018-01-01,4515.0,,
ESTAT:MIGR_ASYAPPCTZA(1.0),06/05/26 11:00:00,A,TOTAL,TOTAL,T,PER,TOTAL,FR,2018-01-01,137665.0,,
ESTAT:MIGR_ASYAPPCTZA(1.0),06/05/26 11:00:00,A,TOTAL,TOTAL,T,PER,TOTAL,HR,2018-01-01,800.0,,
ESTAT:MIGR_ASYAPPCTZA(1.0),06/05/26 11:00:00,A,TOTAL,TOTAL,T,PER,TOTAL,HU,2018-01-01,670.0,,
ESTAT:MIGR_ASYAPPCTZA(1.0),06/05/26 11:00:00,A,TOTAL,TOTAL,T,PER,TOTAL,IE,2018-01-01,3670.0,,
ESTAT:MIGR_ASYAPPCTZA(1.0),06/05/26 11:00:00,A,TOTAL,TOTAL,T,PER,TOTAL,IS,2018-01-01,775.0,,
ESTAT:MIGR_ASYAPPCTZA(1.0),06/05/26 11:00:00,A,TOTAL,TOTAL,T,PER,TOTAL,IT,2018-01-01,59950.0,,
ESTAT:MIGR_ASYAPPCTZA(1.0),06/05/26 11:00:00,A,TOTAL,TOTAL,T,PER,TOTAL,LI,2018-01-01,165.0,,
ESTAT:MIGR_ASYAPPCTZA(1.0),06/05/26 11:00:00,A,TOTAL,TOTAL,T,PER,TOTAL,LT,2018-01-01,405.0,,
ESTAT:MIGR_ASYAPPCTZA(1.0),06/05/26 11:00:00,A,TOTAL,TOTAL,T,PER,TOTAL,LU,2018-01-01,2335.0,,
ESTAT:MIGR_ASYAPPCTZA(1.0),06/05/26 11:00:00,A,TOTAL,TOTAL,T,PER,TOTAL,LV,2018-01-01,185.0,,
ESTAT:MIGR_ASYAPPCTZA(1.0),06/05/26 11:00:00,A,TOTAL,TOTAL,T,PER,TOTAL,ME,2018-01-01,3105.0,,
ESTAT:MIGR_ASYAPPCTZA(1.0),06/05/26 11:00:00,A,TOTAL,TOTAL,T,PER,TOTAL,MT,2018-01-01,2130.0,,
ESTAT:MIGR_ASYAPPCTZA(1.0),06/05/26 11:00:00,A,TOTAL,TOTAL,T,PER,TOTAL,NL,2018-01-01,24025.0,,
ESTAT:MIGR_ASYAPPCTZA(1.0),06/05/26 11:00:00,A,TOTAL,TOTAL,T,PER,TOTAL,NO,2018-01-01,2685.0,,
ESTAT:MIGR_ASYAPPCTZA(1.0),06/05/26 11:00:00,A,TOTAL,TOTAL,T,PER,TOTAL,PL,2018-01-01,4115.0,,
ESTAT:MIGR_ASYAPPCTZA(1.0),06/05/26 11:00:00,A,TOTAL,TOTAL,T,PER,TOTAL,PT,2018-01-01,1285.0,,
ESTAT:MIGR_ASYAPPCTZA(1.0),06/05/26 11:00:00,A,TOTAL,TOTAL,T,PER,TOTAL,RO,2018-01-01,2135.0,,
ESTAT:MIGR_ASYAPPCTZA(1.0),06/05/26 11:00:00,A,TOTAL,TOTAL,T,PER,TOTAL,SE,2018-01-01,28660.0,,
ESTAT:MIGR_ASYAPPCTZA(1.0),06/05/26 11:00:00,A,TOTAL,TOTAL,T,PER,TOTAL,SI,2018-01-01,2875.0,,
ESTAT:MIGR_ASYAPPCTZA(1.0),06/05/26 11:00:00,A,TOTAL,TOTAL,T,PER,TOTAL,SK,2018-01-01,175.0,,
ESTAT:MIGR_ASYAPPCTZA(1.0),06/05/26 11:00:00,A,TOTAL,TOTAL,T,PER,TOTAL,UK,2018-01-01,38920.0,,
ESTAT:MIGR_ASYAPPCTZA(1.0),06/05/26 11:00:00,A,TOTAL,TOTAL,T,PER,TOTAL,AT,2019-01-01,12885.0,,
ESTAT:MIGR_ASYAPPCTZA(1.0),06/05/26 11:00:00,A,TOTAL,TOTAL,T,PER,TOTAL,BE,2019-01-01,27505.0,,
ESTAT:MIGR_ASYAPPCTZA(1.0),06/05/26 11:00:00,A,TOTAL,TOTAL,T,PER,TOTAL,BG,2019-01-01,2150.0,,
ESTAT:MIGR_ASYAPPCTZA(1.0),06/05/26 11:00:00,A,TOTAL,TOTAL,T,PER,TOTAL,CH,2019-01-01,14255.0,,
ESTAT:MIGR_ASYAPPCTZA(1.0),06/05/26 11:00:00,A,TOTAL,TOTAL,T,PER,TOTAL,CY,2019-01-01,13650.0,,
ESTAT:MIGR_ASYAPPCTZA(1.0),06/05/26 11:00:00,A,TOTAL,TOTAL,T,PER,TOTAL,CZ,2019-01-01,1920.0,,
ESTAT:MIGR_ASYAPPCTZA(1.0),06/05/26 11:00:00,A,TOTAL,TOTAL,T,PER,TOTAL,DE,2019-01-01,165685.0,,
ESTAT:MIGR_ASYAPPCTZA(1.0),06/05/26 11:00:00,A,TOTAL,TOTAL,T,PER,TOTAL,DK,2019-01-01,2740.0,,
ESTAT:MIGR_ASYAPPCTZA(1.0),06/05/26 11:00:00,A,TOTAL,TOTAL,T,PER,TOTAL,EE,2019-01-01,105.0,,
ESTAT:MIGR_ASYAPPCTZA(1.0),06/05/26 11:00:00,A,TOTAL,TOTAL,T,PER,TOTAL,EL,2019-01-01,77285.0,,
ESTAT:MIGR_ASYAPPCTZA(1.0),06/05/26 11:00:00,A,TOTAL,TOTAL,T,PER,TOTAL,ES,2019-01-01,117815.0,,
ESTAT:MIGR_ASYAPPCTZA(1.0),06/05/26 11:00:00,A,TOTAL,TOTAL,T,PER,TOTAL,EU27_2020,2019-01-01,703175.0,,
ESTAT:MIGR_ASYAPPCTZA(1.0),06/05/26 11:00:00,A,TOTAL,TOTAL,T,PER,TOTAL,FI,2019-01-01,4535.0,,
ESTAT:MIGR_ASYAPPCTZA(1.0),06/05/26 11:00:00,A,TOTAL,TOTAL,T,PER,TOTAL,FR,2019-01-01,151070.0,,
ESTAT:MIGR_ASYAPPCTZA(1.0),06/05/26 11:00:00,A,TOTAL,TOTAL,T,PER,TOTAL,HR,2019-01-01,1400.0,,
ESTAT:MIGR_ASYAPPCTZA(1.0),06/05/26 11:00:00,A,TOTAL,TOTAL,T,PER,TOTAL,HU,2019-01-01,500.0,,
ESTAT:MIGR_ASYAPPCTZA(1.0),06/05/26 11:00:00,A,TOTAL,TOTAL,T,PER,TOTAL,IE,2019-01-01,4780.0,,
ESTAT:MIGR_ASYAPPCTZA(1.0),06/05/26 11:00:00,A,TOTAL,TOTAL,T,PER,TOTAL,IS,2019-01-01,845.0,,
ESTAT:MIGR_ASYAPPCTZA(1.0),06/05/26 11:00:00,A,TOTAL,TOTAL,T,PER,TOTAL,IT,2019-01-01,43775.0,,
ESTAT:MIGR_ASYAPPCTZA(1.0),06/05/26 11:00:00,A,TOTAL,TOTAL,T,PER,TOTAL,LI,2019-01-01,50.0,,
ESTAT:MIGR_ASYAPPCTZA(1.0),06/05/26 11:00:00,A,TOTAL,TOTAL,T,PER,TOTAL,LT,2019-01-01,645.0,,
ESTAT:MIGR_ASYAPPCTZA(1.0),06/05/26 11:00:00,A,TOTAL,TOTAL,T,PER,TOTAL,LU,2019-01-01,2270.0,,
ESTAT:MIGR_ASYAPPCTZA(1.0),06/05/26 11:00:00,A,TOTAL,TOTAL,T,PER,TOTAL,LV,2019-01-01,195.0,,
ESTAT:MIGR_ASYAPPCTZA(1.0),06/05/26 11:00:00,A,TOTAL,TOTAL,T,PER,TOTAL,ME,2019-01-01,1920.0,,
ESTAT:MIGR_ASYAPPCTZA(1.0),06/05/26 11:00:00,A,TOTAL,TOTAL,T,PER,TOTAL,MT,2019-01-01,4090.0,,
ESTAT:MIGR_ASYAPPCTZA(1.0),06/05/26 11:00:00,A,TOTAL,TOTAL,T,PER,TOTAL,NL,2019-01-01,25260.0,,
ESTAT:MIGR_ASYAPPCTZA(1.0),06/05/26 11:00:00,A,TOTAL,TOTAL,T,PER,TOTAL,NO,2019-01-01,2305.0,,
ESTAT:MIGR_ASYAPPCTZA(1.0),06/05/26 11:00:00,A,TOTAL,TOTAL,T,PER,TOTAL,PL,2019-01-01,4080.0,,
ESTAT:MIGR_ASYAPPCTZA(1.0),06/05/26 11:00:00,A,TOTAL,TOTAL,T,PER,TOTAL,PT,2019-01-01,1820.0,,
ESTAT:MIGR_ASYAPPCTZA(1.0),06/05/26 11:00:00,A,TOTAL,TOTAL,T,PER,TOTAL,RO,2019-01-01,2590.0,,
ESTAT:MIGR_ASYAPPCTZA(1.0),06/05/26 11:00:00,A,TOTAL,TOTAL,T,PER,TOTAL,SE,2019-01-01,30365.0,,
ESTAT:MIGR_ASYAPPCTZA(1.0),06/05/26 11:00:00,A,TOTAL,TOTAL,T,PER,TOTAL,SI,2019-01-01,3820.0,,
ESTAT:MIGR_ASYAPPCTZA(1.0),06/05/26 11:00:00,A,TOTAL,TOTAL,T,PER,TOTAL,SK,2019-01-01,230.0,,
ESTAT:MIGR_ASYAPPCTZA(1.0),06/05/26 11:00:00,A,TOTAL,TOTAL,T,PER,TOTAL,UK,2019-01-01,46130.0,,
ESTAT:MIGR_ASYAPPCTZA(1.0),06/05/26 11:00:00,A,TOTAL,TOTAL,T,PER,TOTAL,AT,2020-01-01,14775.0,,
ESTAT:MIGR_ASYAPPCTZA(1.0),06/05/26 11:00:00,A,TOTAL,TOTAL,T,PER,TOTAL,BE,2020-01-01,16735.0,,
ESTAT:MIGR_ASYAPPCTZA(1.0),06/05/26 11:00:00,A,TOTAL,TOTAL,T,PER,TOTAL,BG,2020-01-01,3525.0,,
ESTAT:MIGR_ASYAPPCTZA(1.0),06/05/26 11:00:00,A,TOTAL,TOTAL,T,PER,TOTAL,CH,2020-01-01,11035.0,,
ESTAT:MIGR_ASYAPPCTZA(1.0),06/05/26 11:00:00,A,TOTAL,TOTAL,T,PER,TOTAL,CY,2020-01-01,7495.0,,
ESTAT:MIGR_ASYAPPCTZA(1.0),06/05/26 11:00:00,A,TOTAL,TOTAL,T,PER,TOTAL,CZ,2020-01-01,1165.0,,
ESTAT:MIGR_ASYAPPCTZA(1.0),06/05/26 11:00:00,A,TOTAL,TOTAL,T,PER,TOTAL,DE,2020-01-01,122015.0,,
ESTAT:MIGR_ASYAPPCTZA(1.0),06/05/26 11:00:00,A,TOTAL,TOTAL,T,PER,TOTAL,DK,2020-01-01,1490.0,,
ESTAT:MIGR_ASYAPPCTZA(1.0),06/05/26 11:00:00,A,TOTAL,TOTAL,T,PER,TOTAL,EE,2020-01-01,50.0,,
ESTAT:MIGR_ASYAPPCTZA(1.0),06/05/26 11:00:00,A,TOTAL,TOTAL,T,PER,TOTAL,EL,2020-01-01,40560.0,,
ESTAT:MIGR_ASYAPPCTZA(1.0),06/05/26 11:00:00,A,TOTAL,TOTAL,T,PER,TOTAL,ES,2020-01-01,88540.0,,
ESTAT:MIGR_ASYAPPCTZA(1.0),06/05/26 11:00:00,A,TOTAL,TOTAL,T,PER,TOTAL,EU27_2020,2020-01-01,476640.0,,
ESTAT:MIGR_ASYAPPCTZA(1.0),06/05/26 11:00:00,A,TOTAL,TOTAL,T,PER,TOTAL,FI,2020-01-01,3205.0,,
ESTAT:MIGR_ASYAPPCTZA(1.0),06/05/26 11:00:00,A,TOTAL,TOTAL,T,PER,TOTAL,FR,2020-01-01,93200.0,,
ESTAT:MIGR_ASYAPPCTZA(1.0),06/05/26 11:00:00,A,TOTAL,TOTAL,T,PER,TOTAL,HR,2020-01-01,1605.0,,
ESTAT:MIGR_ASYAPPCTZA(1.0),06/05/26 11:00:00,A,TOTAL,TOTAL,T,PER,TOTAL,HU,2020-01-01,115.0,,
ESTAT:MIGR_ASYAPPCTZA(1.0),06/05/26 11:00:00,A,TOTAL,TOTAL,T,PER,TOTAL,IE,2020-01-01,1565.0,,
ESTAT:MIGR_ASYAPPCTZA(1.0),06/05/26 11:00:00,A,TOTAL,TOTAL,T,PER,TOTAL,IS,2020-01-01,640.0,,
ESTAT:MIGR_ASYAPPCTZA(1.0),06/05/26 11:00:00,A,TOTAL,TOTAL,T,PER,TOTAL,IT,2020-01-01,26950.0,,
ESTAT:MIGR_ASYAPPCTZA(1.0),06/05/26 11:00:00,A,TOTAL,TOTAL,T,PER,TOTAL,LI,2020-01-01,40.0,,
ESTAT:MIGR_ASYAPPCTZA(1.0),06/05/26 11:00:00,A,TOTAL,TOTAL,T,PER,TOTAL,LT,2020-01-01,315.0,,
ESTAT:MIGR_ASYAPPCTZA(1.0),06/05/26 11:00:00,A,TOTAL,TOTAL,T,PER,TOTAL,LU,2020-01-01,1345.0,,
ESTAT:MIGR_ASYAPPCTZA(1.0),06/05/26 11:00:00,A,TOTAL,TOTAL,T,PER,TOTAL,LV,2020-01-01,180.0,,
ESTAT:MIGR_ASYAPPCTZA(1.0),06/05/26 11:00:00,A,TOTAL,TOTAL,T,PER,TOTAL,ME,2020-01-01,540.0,,
ESTAT:MIGR_ASYAPPCTZA(1.0),06/05/26 11:00:00,A,TOTAL,TOTAL,T,PER,TOTAL,MT,2020-01-01,2480.0,,
ESTAT:MIGR_ASYAPPCTZA(1.0),06/05/26 11:00:00,A,TOTAL,TOTAL,T,PER,TOTAL,NL,2020-01-01,15320.0,,
ESTAT:MIGR_ASYAPPCTZA(1.0),06/05/26 11:00:00,A,TOTAL,TOTAL,T,PER,TOTAL,NO,2020-01-01,1395.0,,
ESTAT:MIGR_ASYAPPCTZA(1.0),06/05/26 11:00:00,A,TOTAL,TOTAL,T,PER,TOTAL,PL,2020-01-01,2790.0,,
ESTAT:MIGR_ASYAPPCTZA(1.0),06/05/26 11:00:00,A,TOTAL,TOTAL,T,PER,TOTAL,PT,2020-01-01,1000.0,,
ESTAT:MIGR_ASYAPPCTZA(1.0),06/05/26 11:00:00,A,TOTAL,TOTAL,T,PER,TOTAL,RO,2020-01-01,6155.0,,
ESTAT:MIGR_ASYAPPCTZA(1.0),06/05/26 11:00:00,A,TOTAL,TOTAL,T,PER,TOTAL,SE,2020-01-01,20235.0,,
ESTAT:MIGR_ASYAPPCTZA(1.0),06/05/26 11:00:00,A,TOTAL,TOTAL,T,PER,TOTAL,SI,2020-01-01,3550.0,,
ESTAT:MIGR_ASYAPPCTZA(1.0),06/05/26 11:00:00,A,TOTAL,TOTAL,T,PER,TOTAL,SK,2020-01-01,280.0,,
ESTAT:MIGR_ASYAPPCTZA(1.0),06/05/26 11:00:00,A,TOTAL,TOTAL,T,PER,TOTAL,AT,2021-01-01,39930.0,,
ESTAT:MIGR_ASYAPPCTZA(1.0),06/05/26 11:00:00,A,TOTAL,TOTAL,T,PER,TOTAL,BE,2021-01-01,25035.0,,
ESTAT:MIGR_ASYAPPCTZA(1.0),06/05/26 11:00:00,A,TOTAL,TOTAL,T,PER,TOTAL,BG,2021-01-01,11000.0,,
ESTAT:MIGR_ASYAPPCTZA(1.0),06/05/26 11:00:00,A,TOTAL,TOTAL,T,PER,TOTAL,CH,2021-01-01,14905.0,,
ESTAT:MIGR_ASYAPPCTZA(1.0),06/05/26 11:00:00,A,TOTAL,TOTAL,T,PER,TOTAL,CY,2021-01-01,13670.0,,
ESTAT:MIGR_ASYAPPCTZA(1.0),06/05/26 11:00:00,A,TOTAL,TOTAL,T,PER,TOTAL,CZ,2021-01-01,1410.0,,
ESTAT:MIGR_ASYAPPCTZA(1.0),06/05/26 11:00:00,A,TOTAL,TOTAL,T,PER,TOTAL,DE,2021-01-01,190615.0,,
ESTAT:MIGR_ASYAPPCTZA(1.0),06/05/26 11:00:00,A,TOTAL,TOTAL,T,PER,TOTAL,DK,2021-01-01,2100.0,,
ESTAT:MIGR_ASYAPPCTZA(1.0),06/05/26 11:00:00,A,TOTAL,TOTAL,T,PER,TOTAL,EE,2021-01-01,80.0,,
ESTAT:MIGR_ASYAPPCTZA(1.0),06/05/26 11:00:00,A,TOTAL,TOTAL,T,PER,TOTAL,EL,2021-01-01,28355.0,,
ESTAT:MIGR_ASYAPPCTZA(1.0),06/05/26 11:00:00,A,TOTAL,TOTAL,T,PER,TOTAL,ES,2021-01-01,65315.0,,
ESTAT:MIGR_ASYAPPCTZA(1.0),06/05/26 11:00:00,A,TOTAL,TOTAL,T,PER,TOTAL,EU27_2020,2021-01-01,638755.0,,
ESTAT:MIGR_ASYAPPCTZA(1.0),06/05/26 11:00:00,A,TOTAL,TOTAL,T,PER,TOTAL,FI,2021-01-01,2540.0,,
ESTAT:MIGR_ASYAPPCTZA(1.0),06/05/26 11:00:00,A,TOTAL,TOTAL,T,PER,TOTAL,FR,2021-01-01,120705.0,,
ESTAT:MIGR_ASYAPPCTZA(1.0),06/05/26 11:00:00,A,TOTAL,TOTAL,T,PER,TOTAL,HR,2021-01-01,2550.0,,
ESTAT:MIGR_ASYAPPCTZA(1.0),06/05/26 11:00:00,A,TOTAL,TOTAL,T,PER,TOTAL,HU,2021-01-01,40.0,,
ESTAT:MIGR_ASYAPPCTZA(1.0),06/05/26 11:00:00,A,TOTAL,TOTAL,T,PER,TOTAL,IE,2021-01-01,2650.0,,
ESTAT:MIGR_ASYAPPCTZA(1.0),06/05/26 11:00:00,A,TOTAL,TOTAL,T,PER,TOTAL,IS,2021-01-01,870.0,,
ESTAT:MIGR_ASYAPPCTZA(1.0),06/05/26 11:00:00,A,TOTAL,TOTAL,T,PER,TOTAL,IT,2021-01-01,53610.0,,
ESTAT:MIGR_ASYAPPCTZA(1.0),06/05/26 11:00:00,A,TOTAL,TOTAL,T,PER,TOTAL,LI,2021-01-01,95.0,,
ESTAT:MIGR_ASYAPPCTZA(1.0),06/05/26 11:00:00,A,TOTAL,TOTAL,T,PER,TOTAL,LT,2021-01-01,3940.0,,
ESTAT:MIGR_ASYAPPCTZA(1.0),06/05/26 11:00:00,A,TOTAL,TOTAL,T,PER,TOTAL,LU,2021-01-01,1420.0,,
ESTAT:MIGR_ASYAPPCTZA(1.0),06/05/26 11:00:00,A,TOTAL,TOTAL,T,PER,TOTAL,LV,2021-01-01,615.0,,
ESTAT:MIGR_ASYAPPCTZA(1.0),06/05/26 11:00:00,A,TOTAL,TOTAL,T,PER,TOTAL,ME,2021-01-01,270.0,,
ESTAT:MIGR_ASYAPPCTZA(1.0),06/05/26 11:00:00,A,TOTAL,TOTAL,T,PER,TOTAL,MT,2021-01-01,1595.0,,
ESTAT:MIGR_ASYAPPCTZA(1.0),06/05/26 11:00:00,A,TOTAL,TOTAL,T,PER,TOTAL,NL,2021-01-01,26555.0,,
ESTAT:MIGR_ASYAPPCTZA(1.0),06/05/26 11:00:00,A,TOTAL,TOTAL,T,PER,TOTAL,NO,2021-01-01,1660.0,,
ESTAT:MIGR_ASYAPPCTZA(1.0),06/05/26 11:00:00,A,TOTAL,TOTAL,T,PER,TOTAL,PL,2021-01-01,7810.0,,
ESTAT:MIGR_ASYAPPCTZA(1.0),06/05/26 11:00:00,A,TOTAL,TOTAL,T,PER,TOTAL,PT,2021-01-01,1540.0,,
ESTAT:MIGR_ASYAPPCTZA(1.0),06/05/26 11:00:00,A,TOTAL,TOTAL,T,PER,TOTAL,RO,2021-01-01,9585.0,,
ESTAT:MIGR_ASYAPPCTZA(1.0),06/05/26 11:00:00,A,TOTAL,TOTAL,T,PER,TOTAL,SE,2021-01-01,20420.0,,
ESTAT:MIGR_ASYAPPCTZA(1.0),06/05/26 11:00:00,A,TOTAL,TOTAL,T,PER,TOTAL,SI,2021-01-01,5300.0,,
ESTAT:MIGR_ASYAPPCTZA(1.0),06/05/26 11:00:00,A,TOTAL,TOTAL,T,PER,TOTAL,SK,2021-01-01,370.0,,
ESTAT:MIGR_ASYAPPCTZA(1.0),06/05/26 11:00:00,A,TOTAL,TOTAL,T,PER,TOTAL,AT,2022-01-01,112270.0,,
ESTAT:MIGR_ASYAPPCTZA(1.0),06/05/26 11:00:00,A,TOTAL,TOTAL,T,PER,TOTAL,BE,2022-01-01,36795.0,,
ESTAT:MIGR_ASYAPPCTZA(1.0),06/05/26 11:00:00,A,TOTAL,TOTAL,T,PER,TOTAL,BG,2022-01-01,20390.0,,
ESTAT:MIGR_ASYAPPCTZA(1.0),06/05/26 11:00:00,A,TOTAL,TOTAL,T,PER,TOTAL,CH,2022-01-01,24500.0,,
ESTAT:MIGR_ASYAPPCTZA(1.0),06/05/26 11:00:00,A,TOTAL,TOTAL,T,PER,TOTAL,CY,2022-01-01,22190.0,,
ESTAT:MIGR_ASYAPPCTZA(1.0),06/05/26 11:00:00,A,TOTAL,TOTAL,T,PER,TOTAL,CZ,2022-01-01,1690.0,,
ESTAT:MIGR_ASYAPPCTZA(1.0),06/05/26 11:00:00,A,TOTAL,TOTAL,T,PER,TOTAL,DE,2022-01-01,243880.0,,
ESTAT:MIGR_ASYAPPCTZA(1.0),06/05/26 11:00:00,A,TOTAL,TOTAL,T,PER,TOTAL,DK,2022-01-01,4595.0,,
ESTAT:MIGR_ASYAPPCTZA(1.0),06/05/26 11:00:00,A,TOTAL,TOTAL,T,PER,TOTAL,EE,2022-01-01,2945.0,,
ESTAT:MIGR_ASYAPPCTZA(1.0),06/05/26 11:00:00,A,TOTAL,TOTAL,T,PER,TOTAL,EL,2022-01-01,37380.0,,
ESTAT:MIGR_ASYAPPCTZA(1.0),06/05/26 11:00:00,A,TOTAL,TOTAL,T,PER,TOTAL,ES,2022-01-01,117960.0,,
ESTAT:MIGR_ASYAPPCTZA(1.0),06/05/26 11:00:00,A,TOTAL,TOTAL,T,PER,TOTAL,EU27_2020,2022-01-01,961150.0,,
ESTAT:MIGR_ASYAPPCTZA(1.0),06/05/26 11:00:00,A,TOTAL,TOTAL,T,PER,TOTAL,FI,2022-01-01,5805.0,,
ESTAT:MIGR_ASYAPPCTZA(1.0),06/05/26 11:00:00,A,TOTAL,TOTAL,T,PER,TOTAL,FR,2022-01-01,156570.0,,
ESTAT:MIGR_ASYAPPCTZA(1.0),06/05/26 11:00:00,A,TOTAL,TOTAL,T,PER,TOTAL,HR,2022-01-01,2730.0,,
ESTAT:MIGR_ASYAPPCTZA(1.0),06/05/26 11:00:00,A,TOTAL,TOTAL,T,PER,TOTAL,HU,2022-01-01,45.0,,
ESTAT:MIGR_ASYAPPCTZA(1.0),06/05/26 11:00:00,A,TOTAL,TOTAL,T,PER,TOTAL,IE,2022-01-01,13660.0,,
ESTAT:MIGR_ASYAPPCTZA(1.0),06/05/26 11:00:00,A,TOTAL,TOTAL,T,PER,TOTAL,IS,2022-01-01,4550.0,,
ESTAT:MIGR_ASYAPPCTZA(1.0),06/05/26 11:00:00,A,TOTAL,TOTAL,T,PER,TOTAL,IT,2022-01-01,84290.0,,
ESTAT:MIGR_ASYAPPCTZA(1.0),06/05/26 11:00:00,A,TOTAL,TOTAL,T,PER,TOTAL,LI,2022-01-01,80.0,,
ESTAT:MIGR_ASYAPPCTZA(1.0),06/05/26 11:00:00,A,TOTAL,TOTAL,T,PER,TOTAL,LT,2022-01-01,1025.0,,
ESTAT:MIGR_ASYAPPCTZA(1.0),06/05/26 11:00:00,A,TOTAL,TOTAL,T,PER,TOTAL,LU,2022-01-01,2460.0,,
ESTAT:MIGR_ASYAPPCTZA(1.0),06/05/26 11:00:00,A,TOTAL,TOTAL,T,PER,TOTAL,LV,2022-01-01,620.0,,
ESTAT:MIGR_ASYAPPCTZA(1.0),06/05/26 11:00:00,A,TOTAL,TOTAL,T,PER,TOTAL,ME,2022-01-01,180.0,,
ESTAT:MIGR_ASYAPPCTZA(1.0),06/05/26 11:00:00,A,TOTAL,TOTAL,T,PER,TOTAL,MT,2022-01-01,1320.0,,
ESTAT:MIGR_ASYAPPCTZA(1.0),06/05/26 11:00:00,A,TOTAL,TOTAL,T,PER,TOTAL,NL,2022-01-01,37060.0,,
ESTAT:MIGR_ASYAPPCTZA(1.0),06/05/26 11:00:00,A,TOTAL,TOTAL,T,PER,TOTAL,NO,2022-01-01,4840.0,,
ESTAT:MIGR_ASYAPPCTZA(1.0),06/05/26 11:00:00,A,TOTAL,TOTAL,T,PER,TOTAL,PL,2022-01-01,9825.0,,
ESTAT:MIGR_ASYAPPCTZA(1.0),06/05/26 11:00:00,A,TOTAL,TOTAL,T,PER,TOTAL,PT,2022-01-01,2120.0,,
ESTAT:MIGR_ASYAPPCTZA(1.0),06/05/26 11:00:00,A,TOTAL,TOTAL,T,PER,TOTAL,RO,2022-01-01,12355.0,,
ESTAT:MIGR_ASYAPPCTZA(1.0),06/05/26 11:00:00,A,TOTAL,TOTAL,T,PER,TOTAL,SE,2022-01-01,23845.0,,
ESTAT:MIGR_ASYAPPCTZA(1.0),06/05/26 11:00:00,A,TOTAL,TOTAL,T,PER,TOTAL,SI,2022-01-01,6785.0,,
ESTAT:MIGR_ASYAPPCTZA(1.0),06/05/26 11:00:00,A,TOTAL,TOTAL,T,PER,TOTAL,SK,2022-01-01,545.0,,
ESTAT:MIGR_ASYAPPCTZA(1.0),06/05/26 11:00:00,A,TOTAL,TOTAL,T,PER,TOTAL,AT,2023-01-01,59230.0,,
ESTAT:MIGR_ASYAPPCTZA(1.0),06/05/26 11:00:00,A,TOTAL,TOTAL,T,PER,TOTAL,BE,2023-01-01,35225.0,,
ESTAT:MIGR_ASYAPPCTZA(1.0),06/05/26 11:00:00,A,TOTAL,TOTAL,T,PER,TOTAL,BG,2023-01-01,22510.0,,
ESTAT:MIGR_ASYAPPCTZA(1.0),06/05/26 11:00:00,A,TOTAL,TOTAL,T,PER,TOTAL,CH,2023-01-01,30190.0,,
ESTAT:MIGR_ASYAPPCTZA(1.0),06/05/26 11:00:00,A,TOTAL,TOTAL,T,PER,TOTAL,CY,2023-01-01,11910.0,,
ESTAT:MIGR_ASYAPPCTZA(1.0),06/05/26 11:00:00,A,TOTAL,TOTAL,T,PER,TOTAL,CZ,2023-01-01,1405.0,,
ESTAT:MIGR_ASYAPPCTZA(1.0),06/05/26 11:00:00,A,TOTAL,TOTAL,T,PER,TOTAL,DE,2023-01-01,351600.0,,
ESTAT:MIGR_ASYAPPCTZA(1.0),06/05/26 11:00:00,A,TOTAL,TOTAL,T,PER,TOTAL,DK,2023-01-01,2480.0,,
ESTAT:MIGR_ASYAPPCTZA(1.0),06/05/26 11:00:00,A,TOTAL,TOTAL,T,PER,TOTAL,EE,2023-01-01,3985.0,,
ESTAT:MIGR_ASYAPPCTZA(1.0),06/05/26 11:00:00,A,TOTAL,TOTAL,T,PER,TOTAL,EL,2023-01-01,64230.0,,
ESTAT:MIGR_ASYAPPCTZA(1.0),06/05/26 11:00:00,A,TOTAL,TOTAL,T,PER,TOTAL,ES,2023-01-01,162435.0,,
ESTAT:MIGR_ASYAPPCTZA(1.0),06/05/26 11:00:00,A,TOTAL,TOTAL,T,PER,TOTAL,EU27_2020,2023-01-01,1130870.0,,
ESTAT:MIGR_ASYAPPCTZA(1.0),06/05/26 11:00:00,A,TOTAL,TOTAL,T,PER,TOTAL,FI,2023-01-01,5355.0,,
ESTAT:MIGR_ASYAPPCTZA(1.0),06/05/26 11:00:00,A,TOTAL,TOTAL,T,PER,TOTAL,FR,2023-01-01,167055.0,,
ESTAT:MIGR_ASYAPPCTZA(1.0),06/05/26 11:00:00,A,TOTAL,TOTAL,T,PER,TOTAL,HR,2023-01-01,1750.0,,
ESTAT:MIGR_ASYAPPCTZA(1.0),06/05/26 11:00:00,A,TOTAL,TOTAL,T,PER,TOTAL,HU,2023-01-01,30.0,,
ESTAT:MIGR_ASYAPPCTZA(1.0),06/05/26 11:00:00,A,TOTAL,TOTAL,T,PER,TOTAL,IE,2023-01-01,13275.0,,
ESTAT:MIGR_ASYAPPCTZA(1.0),06/05/26 11:00:00,A,TOTAL,TOTAL,T,PER,TOTAL,IS,2023-01-01,4155.0,,
ESTAT:MIGR_ASYAPPCTZA(1.0),06/05/26 11:00:00,A,TOTAL,TOTAL,T,PER,TOTAL,IT,2023-01-01,135820.0,,
ESTAT:MIGR_ASYAPPCTZA(1.0),06/05/26 11:00:00,A,TOTAL,TOTAL,T,PER,TOTAL,LI,2023-01-01,85.0,,
ESTAT:MIGR_ASYAPPCTZA(1.0),06/05/26 11:00:00,A,TOTAL,TOTAL,T,PER,TOTAL,LT,2023-01-01,575.0,,
ESTAT:MIGR_ASYAPPCTZA(1.0),06/05/26 11:00:00,A,TOTAL,TOTAL,T,PER,TOTAL,LU,2023-01-01,2685.0,,
ESTAT:MIGR_ASYAPPCTZA(1.0),06/05/26 11:00:00,A,TOTAL,TOTAL,T,PER,TOTAL,LV,2023-01-01,1700.0,,
ESTAT:MIGR_ASYAPPCTZA(1.0),06/05/26 11:00:00,A,TOTAL,TOTAL,T,PER,TOTAL,ME,2023-01-01,145.0,,
ESTAT:MIGR_ASYAPPCTZA(1.0),06/05/26 11:00:00,A,TOTAL,TOTAL,T,PER,TOTAL,MT,2023-01-01,855.0,,
ESTAT:MIGR_ASYAPPCTZA(1.0),06/05/26 11:00:00,A,TOTAL,TOTAL,T,PER,TOTAL,NL,2023-01-01,39755.0,,
ESTAT:MIGR_ASYAPPCTZA(1.0),06/05/26 11:00:00,A,TOTAL,TOTAL,T,PER,TOTAL,NO,2023-01-01,5350.0,,
ESTAT:MIGR_ASYAPPCTZA(1.0),06/05/26 11:00:00,A,TOTAL,TOTAL,T,PER,TOTAL,PL,2023-01-01,9495.0,,
ESTAT:MIGR_ASYAPPCTZA(1.0),06/05/26 11:00:00,A,TOTAL,TOTAL,T,PER,TOTAL,PT,2023-01-01,2695.0,,
ESTAT:MIGR_ASYAPPCTZA(1.0),06/05/26 11:00:00,A,TOTAL,TOTAL,T,PER,TOTAL,RO,2023-01-01,10095.0,,
ESTAT:MIGR_ASYAPPCTZA(1.0),06/05/26 11:00:00,A,TOTAL,TOTAL,T,PER,TOTAL,SE,2023-01-01,17040.0,,
ESTAT:MIGR_ASYAPPCTZA(1.0),06/05/26 11:00:00,A,TOTAL,TOTAL,T,PER,TOTAL,SI,2023-01-01,7260.0,,
ESTAT:MIGR_ASYAPPCTZA(1.0),06/05/26 11:00:00,A,TOTAL,TOTAL,T,PER,TOTAL,SK,2023-01-01,415.0,,
ESTAT:MIGR_ASYAPPCTZA(1.0),06/05/26 11:00:00,A,TOTAL,TOTAL,T,PER,TOTAL,AT,2024-01-01,25360.0,,
ESTAT:MIGR_ASYAPPCTZA(1.0),06/05/26 11:00:00,A,TOTAL,TOTAL,T,PER,TOTAL,BE,2024-01-01,39180.0,,
ESTAT:MIGR_ASYAPPCTZA(1.0),06/05/26 11:00:00,A,TOTAL,TOTAL,T,PER,TOTAL,BG,2024-01-01,12260.0,,
ESTAT:MIGR_ASYAPPCTZA(1.0),06/05/26 11:00:00,A,TOTAL,TOTAL,T,PER,TOTAL,CH,2024-01-01,27700.0,,
ESTAT:MIGR_ASYAPPCTZA(1.0),06/05/26 11:00:00,A,TOTAL,TOTAL,T,PER,TOTAL,CY,2024-01-01,9185.0,,
ESTAT:MIGR_ASYAPPCTZA(1.0),06/05/26 11:00:00,A,TOTAL,TOTAL,T,PER,TOTAL,CZ,2024-01-01,1360.0,,
ESTAT:MIGR_ASYAPPCTZA(1.0),06/05/26 11:00:00,A,TOTAL,TOTAL,T,PER,TOTAL,DE,2024-01-01,250615.0,,
ESTAT:MIGR_ASYAPPCTZA(1.0),06/05/26 11:00:00,A,TOTAL,TOTAL,T,PER,TOTAL,DK,2024-01-01,2310.0,,
ESTAT:MIGR_ASYAPPCTZA(1.0),06/05/26 11:00:00,A,TOTAL,TOTAL,T,PER,TOTAL,EE,2024-01-01,1355.0,,
ESTAT:MIGR_ASYAPPCTZA(1.0),06/05/26 11:00:00,A,TOTAL,TOTAL,T,PER,TOTAL,EL,2024-01-01,73685.0,,
ESTAT:MIGR_ASYAPPCTZA(1.0),06/05/26 11:00:00,A,TOTAL,TOTAL,T,PER,TOTAL,ES,2024-01-01,167750.0,,
ESTAT:MIGR_ASYAPPCTZA(1.0),06/05/26 11:00:00,A,TOTAL,TOTAL,T,PER,TOTAL,EU27_2020,2024-01-01,998615.0,,
ESTAT:MIGR_ASYAPPCTZA(1.0),06/05/26 11:00:00,A,TOTAL,TOTAL,T,PER,TOTAL,FI,2024-01-01,2940.0,,
ESTAT:MIGR_ASYAPPCTZA(1.0),06/05/26 11:00:00,A,TOTAL,TOTAL,T,PER,TOTAL,FR,2024-01-01,157550.0,,
ESTAT:MIGR_ASYAPPCTZA(1.0),06/05/26 11:00:00,A,TOTAL,TOTAL,T,PER,TOTAL,HR,2024-01-01,1115.0,,
ESTAT:MIGR_ASYAPPCTZA(1.0),06/05/26 11:00:00,A,TOTAL,TOTAL,T,PER,TOTAL,HU,2024-01-01,30.0,,
ESTAT:MIGR_ASYAPPCTZA(1.0),06/05/26 11:00:00,A,TOTAL,TOTAL,T,PER,TOTAL,IE,2024-01-01,18565.0,,
ESTAT:MIGR_ASYAPPCTZA(1.0),06/05/26 11:00:00,A,TOTAL,TOTAL,T,PER,TOTAL,IS,2024-01-01,1925.0,,
ESTAT:MIGR_ASYAPPCTZA(1.0),06/05/26 11:00:00,A,TOTAL,TOTAL,T,PER,TOTAL,IT,2024-01-01,158605.0,,
ESTAT:MIGR_ASYAPPCTZA(1.0),06/05/26 11:00:00,A,TOTAL,TOTAL,T,PER,TOTAL,LI,2024-01-01,90.0,,
ESTAT:MIGR_ASYAPPCTZA(1.0),06/05/26 11:00:00,A,TOTAL,TOTAL,T,PER,TOTAL,LT,2024-01-01,360.0,,
ESTAT:MIGR_ASYAPPCTZA(1.0),06/05/26 11:00:00,A,TOTAL,TOTAL,T,PER,TOTAL,LU,2024-01-01,2205.0,,
ESTAT:MIGR_ASYAPPCTZA(1.0),06/05/26 11:00:00,A,TOTAL,TOTAL,T,PER,TOTAL,LV,2024-01-01,1040.0,,
ESTAT:MIGR_ASYAPPCTZA(1.0),06/05/26 11:00:00,A,TOTAL,TOTAL,T,PER,TOTAL,ME,2024-01-01,130.0,,
ESTAT:MIGR_ASYAPPCTZA(1.0),06/05/26 11:00:00,A,TOTAL,TOTAL,T,PER,TOTAL,MT,2024-01-01,700.0,,
ESTAT:MIGR_ASYAPPCTZA(1.0),06/05/26 11:00:00,A,TOTAL,TOTAL,T,PER,TOTAL,NL,2024-01-01,33515.0,,
ESTAT:MIGR_ASYAPPCTZA(1.0),06/05/26 11:00:00,A,TOTAL,TOTAL,T,PER,TOTAL,NO,2024-01-01,4940.0,,
ESTAT:MIGR_ASYAPPCTZA(1.0),06/05/26 11:00:00,A,TOTAL,TOTAL,T,PER,TOTAL,PL,2024-01-01,16910.0,,
ESTAT:MIGR_ASYAPPCTZA(1.0),06/05/26 11:00:00,A,TOTAL,TOTAL,T,PER,TOTAL,PT,2024-01-01,2690.0,,
ESTAT:MIGR_ASYAPPCTZA(1.0),06/05/26 11:00:00,A,TOTAL,TOTAL,T,PER,TOTAL,RO,2024-01-01,2400.0,,
ESTAT:MIGR_ASYAPPCTZA(1.0),06/05/26 11:00:00,A,TOTAL,TOTAL,T,PER,TOTAL,SE,2024-01-01,11135.0,,
ESTAT:MIGR_ASYAPPCTZA(1.0),06/05/26 11:00:00,A,TOTAL,TOTAL,T,PER,TOTAL,SI,2024-01-01,5635.0,,
ESTAT:MIGR_ASYAPPCTZA(1.0),06/05/26 11:00:00,A,TOTAL,TOTAL,T,PER,TOTAL,SK,2024-01-01,165.0,,
ESTAT:MIGR_ASYAPPCTZA(1.0),06/05/26 11:00:00,A,TOTAL,TOTAL,T,PER,TOTAL,AT,2025-01-01,16285.0,,
ESTAT:MIGR_ASYAPPCTZA(1.0),06/05/26 11:00:00,A,TOTAL,TOTAL,T,PER,TOTAL,BE,2025-01-01,34405.0,,
ESTAT:MIGR_ASYAPPCTZA(1.0),06/05/26 11:00:00,A,TOTAL,TOTAL,T,PER,TOTAL,BG,2025-01-01,3895.0,,
ESTAT:MIGR_ASYAPPCTZA(1.0),06/05/26 11:00:00,A,TOTAL,TOTAL,T,PER,TOTAL,CH,2025-01-01,25750.0,,
ESTAT:MIGR_ASYAPPCTZA(1.0),06/05/26 11:00:00,A,TOTAL,TOTAL,T,PER,TOTAL,CY,2025-01-01,4610.0,,
ESTAT:MIGR_ASYAPPCTZA(1.0),06/05/26 11:00:00,A,TOTAL,TOTAL,T,PER,TOTAL,CZ,2025-01-01,1195.0,,
ESTAT:MIGR_ASYAPPCTZA(1.0),06/05/26 11:00:00,A,TOTAL,TOTAL,T,PER,TOTAL,DE,2025-01-01,168450.0,,
ESTAT:MIGR_ASYAPPCTZA(1.0),06/05/26 11:00:00,A,TOTAL,TOTAL,T,PER,TOTAL,DK,2025-01-01,1950.0,,
ESTAT:MIGR_ASYAPPCTZA(1.0),06/05/26 11:00:00,A,TOTAL,TOTAL,T,PER,TOTAL,EE,2025-01-01,1015.0,,
ESTAT:MIGR_ASYAPPCTZA(1.0),06/05/26 11:00:00,A,TOTAL,TOTAL,T,PER,TOTAL,EL,2025-01-01,61630.0,,
ESTAT:MIGR_ASYAPPCTZA(1.0),06/05/26 11:00:00,A,TOTAL,TOTAL,T,PER,TOTAL,ES,2025-01-01,143715.0,p,
ESTAT:MIGR_ASYAPPCTZA(1.0),06/05/26 11:00:00,A,TOTAL,TOTAL,T,PER,TOTAL,EU27_2020,2025-01-01,798275.0,,
ESTAT:MIGR_ASYAPPCTZA(1.0),06/05/26 11:00:00,A,TOTAL,TOTAL,T,PER,TOTAL,FI,2025-01-01,2535.0,,
ESTAT:MIGR_ASYAPPCTZA(1.0),06/05/26 11:00:00,A,TOTAL,TOTAL,T,PER,TOTAL,FR,2025-01-01,151665.0,,
ESTAT:MIGR_ASYAPPCTZA(1.0),06/05/26 11:00:00,A,TOTAL,TOTAL,T,PER,TOTAL,HR,2025-01-01,1180.0,,
ESTAT:MIGR_ASYAPPCTZA(1.0),06/05/26 11:00:00,A,TOTAL,TOTAL,T,PER,TOTAL,HU,2025-01-01,115.0,,
ESTAT:MIGR_ASYAPPCTZA(1.0),06/05/26 11:00:00,A,TOTAL,TOTAL,T,PER,TOTAL,IE,2025-01-01,13160.0,,
ESTAT:MIGR_ASYAPPCTZA(1.0),06/05/26 11:00:00,A,TOTAL,TOTAL,T,PER,TOTAL,IT,2025-01-01,133350.0,,
ESTAT:MIGR_ASYAPPCTZA(1.0),06/05/26 11:00:00,A,TOTAL,TOTAL,T,PER,TOTAL,LI,2025-01-01,80.0,,
ESTAT:MIGR_ASYAPPCTZA(1.0),06/05/26 11:00:00,A,TOTAL,TOTAL,T,PER,TOTAL,LT,2025-01-01,380.0,,
ESTAT:MIGR_ASYAPPCTZA(1.0),06/05/26 11:00:00,A,TOTAL,TOTAL,T,PER,TOTAL,LU,2025-01-01,1840.0,,
ESTAT:MIGR_ASYAPPCTZA(1.0),06/05/26 11:00:00,A,TOTAL,TOTAL,T,PER,TOTAL,LV,2025-01-01,1475.0,,
ESTAT:MIGR_ASYAPPCTZA(1.0),06/05/26 11:00:00,A,TOTAL,TOTAL,T,PER,TOTAL,ME,2025-01-01,145.0,,
ESTAT:MIGR_ASYAPPCTZA(1.0),06/05/26 11:00:00,A,TOTAL,TOTAL,T,PER,TOTAL,MT,2025-01-01,545.0,,
ESTAT:MIGR_ASYAPPCTZA(1.0),06/05/26 11:00:00,A,TOTAL,TOTAL,T,PER,TOTAL,NL,2025-01-01,25860.0,,
ESTAT:MIGR_ASYAPPCTZA(1.0),06/05/26 11:00:00,A,TOTAL,TOTAL,T,PER,TOTAL,NO,2025-01-01,3585.0,,
ESTAT:MIGR_ASYAPPCTZA(1.0),06/05/26 11:00:00,A,TOTAL,TOTAL,T,PER,TOTAL,PL,2025-01-01,13230.0,,
ESTAT:MIGR_ASYAPPCTZA(1.0),06/05/26 11:00:00,A,TOTAL,TOTAL,T,PER,TOTAL,PT,2025-01-01,1765.0,,
ESTAT:MIGR_ASYAPPCTZA(1.0),06/05/26 11:00:00,A,TOTAL,TOTAL,T,PER,TOTAL,RO,2025-01-01,1190.0,,
ESTAT:MIGR_ASYAPPCTZA(1.0),06/05/26 11:00:00,A,TOTAL,TOTAL,T,PER,TOTAL,SE,2025-01-01,8505.0,,
ESTAT:MIGR_ASYAPPCTZA(1.0),06/05/26 11:00:00,A,TOTAL,TOTAL,T,PER,TOTAL,SI,2025-01-01,4170.0,,
ESTAT:MIGR_ASYAPPCTZA(1.0),06/05/26 11:00:00,A,TOTAL,TOTAL,T,PER,TOTAL,SK,2025-01-01,165.0,,
